rule_name,description,benchmark,gpt_answer,gpt_configuration,valid_config,module_tp,module_fp,module_fn,option_name_tp,option_name_fp,option_name_fn,option_value_tp,option_value_fp,option_value_fn
2.2 File encoding: UTF-8,Source files are encoded in UTF-8 .,,Yes,"{'modulename': 'Checker', 'charset': 'UTF-8'}
{'modulename': 'FileTabCharacter'}
{'modulename': 'FileLength'}
{'modulename': 'NoCodeInFile'}
{'modulename': 'OneTopLevelClass'}
{'modulename': 'AvoidEscapedUnicodeCharacters'}
{'modulename': 'Translation'}
{'modulename': 'OuterTypeFilename'}
{'modulename': 'MultipleStringLiterals'}
{'modulename': 'LineLength'}
{'modulename': 'HideUtilityClassConstructor'}",true,,"Checker
FileTabCharacter
FileLength
NoCodeInFile
OneTopLevelClass
AvoidEscapedUnicodeCharacters
Translation
OuterTypeFilename
MultipleStringLiterals
LineLength
HideUtilityClassConstructor",,,"Checker
FileTabCharacter
FileLength
NoCodeInFile
OneTopLevelClass
AvoidEscapedUnicodeCharacters
Translation
OuterTypeFilename
MultipleStringLiterals
LineLength
HideUtilityClassConstructor",,,"Checker
FileTabCharacter
FileLength
NoCodeInFile
OneTopLevelClass
AvoidEscapedUnicodeCharacters
Translation
OuterTypeFilename
MultipleStringLiterals
LineLength
HideUtilityClassConstructor",
2.3.1 Whitespace characters,"Aside from the line terminator sequence, the ASCII horizontal space character ( 0x20 ) is the only whitespace character that appears anywhere in a source file. This implies that:
All other whitespace characters in string and character literals are escaped. 
Tab characters are not used for indentation.",,Yes,"{'modulename': 'FileTabCharacter', 'id': 'FileTabCharacter'}
{'modulename': 'SingleSpaceSeparator', 'id': 'SingleSpaceSeparator', 'validateComments': 'true'}
{'modulename': 'GenericWhitespace', 'id': 'GenericWhitespace'}
{'modulename': 'NoWhitespaceBefore', 'id': 'NoWhitespaceBefore', 'allowLineBreaks': 'false'}
{'modulename': 'WhitespaceAround', 'id': 'WhitespaceAround', 'allowEmptyMethods': 'true', 'allowEmptyConstructors': 'true', 'allowEmptyTypes': 'true', 'allowEmptyLoops': 'true', 'allowEmptyLambdas': 'true', 'allowEmptyCatches': 'true'}",true,,"FileTabCharacter
SingleSpaceSeparator
GenericWhitespace
NoWhitespaceBefore
WhitespaceAround",,,"FileTabCharacter
SingleSpaceSeparator
GenericWhitespace
NoWhitespaceBefore
WhitespaceAround",,,"FileTabCharacter
SingleSpaceSeparator
GenericWhitespace
NoWhitespaceBefore
WhitespaceAround",
2.3.2 Special escape sequences,"For any character that has a special escape sequence ( `\b` , `\t` , `\n` , `\f` , `\r` , `\""` , `\'` and `\\` ), that sequence is used rather than the corresponding octal (e.g. `\012` ) or Unicode (e.g. `\u000a` ) escape.","{'modulename': 'IllegalTokenText', 'format': '\\\\u00(09|0(a|A)|0(c|C)|0(d|D)|22|27|5(C|c))|\\\\(0(10|11|12|14|15|42|47)|134)', 'tokens': 'STRING_LITERAL, CHAR_LITERAL'}",Yes,"{'modulename': 'AvoidEscapedUnicodeCharacters', 'allowEscapesForControlCharacters': 'true', 'allowEscapesWithTrailComment': 'false', 'allowOnlyEscapes': 'false'}",true,,AvoidEscapedUnicodeCharacters,IllegalTokenText,,AvoidEscapedUnicodeCharacters,IllegalTokenText,,AvoidEscapedUnicodeCharacters,IllegalTokenText
2.3.3 Non-ASCII characters,"For the remaining non-ASCII characters, either the actual Unicode character (e.g. `∞` ) or the equivalent Unicode escape (e.g. `\u221e` ) is used. The choice depends only on which makes the code easier to read and understand , although Unicode escapes outside string literals and comments are strongly discouraged.
Tip: In the Unicode escape case, and occasionally even when actual Unicode characters are used, an explanatory comment can be very helpful.
Examples:
Example 
Discussion 
`StringunitAbbrev=""μs"";` 
Best: perfectly clear even without a comment. 
`StringunitAbbrev=""\u03bcs"";//""μs""` 
Allowed, but there's no reason to do this. 
`StringunitAbbrev=""\u03bcs"";//Greeklettermu,""s""` 
Allowed, but awkward and prone to mistakes. 
`StringunitAbbrev=""\u03bcs"";` 
Poor: the reader has no idea what this is. 
`return'\ufeff'+content;//byteordermark` 
Good: use escapes for non-printable characters, and comment if necessary.
Tip: Never make your code less readable simply out of fear that some programs might not handle non-ASCII characters properly. If that should happen, those programs are broken and they must be fixed .",,Yes,"{'modulename': 'AvoidEscapedUnicodeCharacters', 'allowNonPrintableEscapes': 'true', 'allowEscapesWithTrailComment': 'true'}",true,,AvoidEscapedUnicodeCharacters,,,AvoidEscapedUnicodeCharacters,,,AvoidEscapedUnicodeCharacters,
3 Source file structure,"A source file consists of, in order : 
License or copyright information, if present 
Package statement 
Import statements 
Exactly one top-level class

Exactly one blank line separates each section that is present.

","{'modulename': 'PackageDeclaration', 'id': 'PackageDeclarationRule', 'matchDirectoryStructure': 'OurSetDefault'}
{'modulename': 'OneTopLevelClass', 'id': 'OneTopLevelClassRule'}",Yes,{'modulename': 'Checker'},true,,Checker,"PackageDeclaration
OneTopLevelClass",,Checker,"PackageDeclaration
OneTopLevelClass",,Checker,"PackageDeclaration
OneTopLevelClass"
"3.1 License or copyright information, if present","If license or copyright information belongs in a file, it belongs here.

",,No,,,,,,,,,,,
3.2 Package statement,"The package statement is not line-wrapped . The column limit (Section 4.4, Column limit: 100 ) does not apply to package statements.","{'modulename': 'LineLength', 'ignorePattern': 'OurSetDefault', 'max': '100'}
{'modulename': 'NoLineWrap', 'tokens': 'PACKAGE_DEF'}",Yes,"{'modulename': 'NoLineWrap', 'tokens': 'PACKAGE_DEF'}
{'modulename': 'PackageDeclaration'}
{'modulename': 'LineLength', 'max': '100', 'ignorePattern': '^package\\\\s.*$'}",true,"NoLineWrap
LineLength",PackageDeclaration,,"NoLineWrap
LineLength",PackageDeclaration,,"NoLineWrap
LineLength",PackageDeclaration,
3.3.1 No wildcard imports,"Wildcard imports , static or otherwise, are not used .

","{'modulename': 'AvoidStarImport'}
{'modulename': 'AvoidStaticImport', 'excludes': 'OurSetDefault'}",Yes,"{'modulename': 'AvoidStaticImport', 'id': 'AvoidStaticImport'}
{'modulename': 'AvoidStarImport', 'id': 'AvoidStarImport'}",true,"AvoidStaticImport
AvoidStarImport",,,"AvoidStaticImport
AvoidStarImport",,,"AvoidStaticImport
AvoidStarImport",,
3.3.2 No line-wrapping,"Import statements are not line-wrapped . The column limit (Section 4.4, Column limit: 100 ) does not apply to import statements.","{'modulename': 'LineLength', 'ignorePattern': 'OurSetDefault', 'max': '100'}
{'modulename': 'NoLineWrap', 'tokens': 'IMPORT, STATIC_IMPORT'}",Yes,"{'modulename': 'NoLineWrap', 'tokens': 'IMPORT, PACKAGE'}
{'modulename': 'AvoidStaticImport'}
{'modulename': 'RedundantImport'}
{'modulename': 'UnusedImports'}
{'modulename': 'AvoidStarImport'}",true,NoLineWrap,"AvoidStaticImport
RedundantImport
UnusedImports
AvoidStarImport",LineLength,NoLineWrap,"AvoidStaticImport
RedundantImport
UnusedImports
AvoidStarImport",LineLength,,"NoLineWrap
AvoidStaticImport
RedundantImport
UnusedImports
AvoidStarImport","LineLength
NoLineWrap"
3.3.3 Ordering and spacing,"Imports are ordered as follows:
All static imports in a single block. 
All non-static imports in a single block.
If there are both static and non-static imports, a single blank line separates the two blocks. There are no other blank lines between import statements.
Within each block the imported names appear in ASCII sort order. ( Note: this is not the same as the import statements being in ASCII sort order, since '.' sorts before ';'.)

","{'modulename': 'ImportOrder', 'option': 'top', 'separatedStaticGroups': 'true', 'separated': 'false', 'sortStaticImportsAlphabetically': 'true', 'ordered': 'true'}",Yes,"{'modulename': 'ImportOrder', 'option': 'top', 'groups': 'STATIC###THIRD_PARTY_PACKAGE', 'ordered': 'true', 'separated': 'true', 'sortStaticImportsAlphabetically': 'true', 'sortImportsInGroupAlphabetically': 'true'}
{'modulename': 'CustomImportOrder', 'customImportOrderRules': 'STATIC###THIRD_PARTY_PACKAGE', 'sortImportsInGroupAlphabetically': 'true'}",true,ImportOrder,CustomImportOrder,,,"ImportOrder
CustomImportOrder",ImportOrder,,"ImportOrder
CustomImportOrder",ImportOrder
3.3.4 No static import for classes,"Static import is not used for static nested classes. They are imported with normal imports.

",,Yes,"{'modulename': 'AvoidStaticImport', 'id': 'AvoidStaticImport'}
{'modulename': 'RedundantImport', 'id': 'RedundantImport'}
{'modulename': 'AvoidStarImport', 'id': 'AvoidStarImport'}
{'modulename': 'UnusedImports', 'id': 'UnusedImports'}
{'modulename': 'ImportOrder', 'id': 'ImportOrder', 'groups': 'java,javax,org,com', 'separated': 'true', 'sortStaticImportsAlphabetically': 'true', 'sortImportsAlphabetically': 'true'}",true,,"AvoidStaticImport
RedundantImport
AvoidStarImport
UnusedImports
ImportOrder",,,"AvoidStaticImport
RedundantImport
AvoidStarImport
UnusedImports
ImportOrder",,,"AvoidStaticImport
RedundantImport
AvoidStarImport
UnusedImports
ImportOrder",
3.4.1 Exactly one top-level class declaration,"Each top-level class resides in a source file of its own.

",,Yes,"{'modulename': 'OuterTypeNumber', 'max': '1'}
{'modulename': 'OneTopLevelClass'}",true,,"OuterTypeNumber
OneTopLevelClass",,,"OuterTypeNumber
OneTopLevelClass",,,"OuterTypeNumber
OneTopLevelClass",
3.4.2 Ordering of class contents,"The order you choose for the members and initializers of your class can have a great effect on learnability. However, there's no single correct recipe for how to do it; different classes may order their contents in different ways.
What is important is that each class uses 
some logical order , which its maintainer could explain if asked. For example, new methods are not just habitually added to the end of the class, as that would yield ""chronological by date added"" ordering, which is not a logical ordering.

",{'modulename': 'DeclarationOrder'},Yes,"{'modulename': 'DeclarationOrder', 'id': 'declarationOrder'}
{'modulename': 'InnerTypeLast', 'id': 'innerTypeLast'}",true,DeclarationOrder,InnerTypeLast,,DeclarationOrder,InnerTypeLast,,DeclarationOrder,InnerTypeLast,
4 Formatting,"Terminology Note: 
block-like construct refers to the body of a class, method or constructor. Note that, by Section 4.8.3.1 on array initializers , any array initializer may optionally be treated as if it were a block-like construct.",,Yes,"{'modulename': 'RightCurly', 'id': 'RightCurly', 'option': 'same'}
{'modulename': 'AvoidNestedBlocks', 'id': 'AvoidNestedBlocks', 'allowInSwitchCase': 'true'}
{'modulename': 'AvoidInlineConditionals', 'id': 'AvoidInlineConditionals'}
{'modulename': 'AvoidDoubleBraceInitialization', 'id': 'AvoidDoubleBraceInitialization'}
{'modulename': 'EmptyBlock', 'id': 'EmptyBlock', 'option': 'text'}
{'modulename': 'WhitespaceAround', 'id': 'WhitespaceAround', 'allowEmptyMethods': 'true', 'allowEmptyConstructors': 'true', 'allowEmptyTypes': 'true', 'allowEmptyLoops': 'true', 'allowEmptyLambdas': 'true', 'allowEmptyCatches': 'true'}
{'modulename': 'MethodLength', 'id': 'MethodLength', 'max': '50'}
{'modulename': 'OneStatementPerLine', 'id': 'OneStatementPerLine'}
{'modulename': 'FinalClass', 'id': 'FinalClass'}
{'modulename': 'FinalParameters', 'id': 'FinalParameters'}",true,,"RightCurly
AvoidNestedBlocks
AvoidInlineConditionals
AvoidDoubleBraceInitialization
EmptyBlock
WhitespaceAround
MethodLength
OneStatementPerLine
FinalClass
FinalParameters",,,"RightCurly
AvoidNestedBlocks
AvoidInlineConditionals
AvoidDoubleBraceInitialization
EmptyBlock
WhitespaceAround
MethodLength
OneStatementPerLine
FinalClass
FinalParameters",,,"RightCurly
AvoidNestedBlocks
AvoidInlineConditionals
AvoidDoubleBraceInitialization
EmptyBlock
WhitespaceAround
MethodLength
OneStatementPerLine
FinalClass
FinalParameters",
4.1.1 Use of optional braces,"Braces are used with `if` , `else` , `for` , `do` and `while` statements, even when the body is empty or contains only a single statement.
Other optional braces, such as those in a lambda expression, remain optional.


","{'modulename': 'NeedBraces', 'allowEmptyLoopBody': 'false', 'allowSingleLineStatement': 'false', 'tokens': 'LITERAL_DO, LITERAL_ELSE, LITERAL_FOR, LITERAL_IF, LITERAL_WHILE'}",Yes,"{'modulename': 'NeedBraces'}
{'modulename': 'LeftCurly'}
{'modulename': 'RightCurly'}",true,NeedBraces,"LeftCurly
RightCurly",,NeedBraces,"LeftCurly
RightCurly",,NeedBraces,"LeftCurly
RightCurly",
4.1.2 Nonempty blocks: K & R style,"Braces follow the Kernighan and Ritchie style ("" Egyptian brackets "") for nonempty blocks and block-like constructs:
No line break before the opening brace, except as detailed below. 
Line break after the opening brace. 
Line break before the closing brace. 
Line break after the closing brace, only if that brace terminates a statement or terminates the body of a method, constructor, or named class. For example, there is no line break after the brace if it is followed by `else` or a comma.
Exception: In places where these rules allow a single statement ending with a semicolon ( `;` ), a block of statements can appear, and the opening brace of this block is preceded by a line break. Blocks like these are typically introduced to limit the scope of local variables, for example inside switch statements.
Examples:
return () -> {
  while (condition()) {
    method();
  }
};

return new MyClass() {
  @Override public void method() {
    if (condition()) {
      try {
        something();
      } catch (ProblemException e) {
        recover();
      }
    } else if (otherCondition()) {
      somethingElse();
    } else {
      lastThing();
    }
    {
      int x = foo();
      frob(x);
    }
  }
};

A few exceptions for enum classes are given in Section 4.8.1, Enum classes .","{'modulename': 'LeftCurly', 'id': 'leftCurlyConfig', 'option': 'eol', 'ignoreEnums': 'true', 'tokens': 'ANNOTATION_DEF, CLASS_DEF, CTOR_DEF, ENUM_CONSTANT_DEF, ENUM_DEF, INTERFACE_DEF, LAMBDA, LITERAL_CASE, LITERAL_CATCH, LITERAL_DEFAULT, LITERAL_DO, LITERAL_ELSE, LITERAL_FINALLY, LITERAL_FOR, LITERAL_IF, LITERAL_SWITCH, LITERAL_SYNCHRONIZED, LITERAL_TRY, LITERAL_WHILE, METHOD_DEF, OBJBLOCK, STATIC_INIT, RECORD_DEF, COMPACT_CTOR_DEF'}
{'modulename': 'RightCurly', 'id': 'RightCurlySame', 'option': 'same', 'tokens': 'LITERAL_TRY, LITERAL_CATCH, LITERAL_FINALLY, LITERAL_IF, LITERAL_ELSE, LITERAL_DO'}
{'modulename': 'RightCurly', 'id': 'RightCurlyAlone', 'option': 'alone', 'tokens': 'CLASS_DEF, METHOD_DEF, CTOR_DEF, LITERAL_FOR, LITERAL_WHILE, STATIC_INIT, INSTANCE_INIT, ANNOTATION_DEF, ENUM_DEF, INTERFACE_DEF, RECORD_DEF, COMPACT_CTOR_DEF, LITERAL_SWITCH, LITERAL_CASE'}",Yes,"{'modulename': 'RightCurly', 'option': 'alone', 'tokens': 'CLASS_DEF, METHOD_DEF, CTOR_DEF, LITERAL_TRY, LITERAL_CATCH, LITERAL_FINALLY, LITERAL_IF, LITERAL_ELSE, LITERAL_FOR, LITERAL_WHILE, LITERAL_DO, LITERAL_SWITCH, LITERAL_CASE, LITERAL_DEFAULT, STATIC_INIT, INSTANCE_INIT, ANNOTATION_DEF, ENUM_DEF'}
{'modulename': 'NeedBraces', 'tokens': 'LITERAL_IF, LITERAL_ELSE, LITERAL_FOR, LITERAL_WHILE, LITERAL_DO, LITERAL_TRY, LITERAL_CATCH, LITERAL_FINALLY'}
{'modulename': 'AvoidNestedBlocks', 'allowInSwitchCase': 'true'}
{'modulename': 'OneStatementPerLine'}
{'modulename': 'Indentation', 'basicOffset': '4', 'braceAdjustment': '0', 'caseIndent': '4', 'throwsIndent': '4', 'lineWrappingIndentation': '8'}
{'modulename': 'EmptyBlock', 'option': 'text'}
{'modulename': 'WhitespaceAround', 'tokens': 'LITERAL_IF, LITERAL_ELSE, LITERAL_FOR, LITERAL_WHILE, LITERAL_DO, LITERAL_TRY, LITERAL_CATCH, LITERAL_FINALLY, LITERAL_SWITCH, LITERAL_CASE, LITERAL_DEFAULT, STATIC_INIT, INSTANCE_INIT, ANNOTATION_DEF, ENUM_DEF', 'allowEmptyMethods': 'true', 'allowEmptyConstructors': 'true', 'allowEmptyTypes': 'true', 'allowEmptyLoops': 'true', 'allowEmptyLambdas': 'true', 'allowEmptyCatches': 'true'}",true,RightCurly,"NeedBraces
AvoidNestedBlocks
OneStatementPerLine
Indentation
EmptyBlock
WhitespaceAround","LeftCurly
RightCurly",RightCurly,"NeedBraces
AvoidNestedBlocks
OneStatementPerLine
Indentation
EmptyBlock
WhitespaceAround","LeftCurly
RightCurly",,"RightCurly
NeedBraces
AvoidNestedBlocks
OneStatementPerLine
Indentation
EmptyBlock
WhitespaceAround","LeftCurly
RightCurly
RightCurly"
4.1.3 Empty blocks: may be concise,"An empty block or block-like construct may be in K & R style (as described in Section 4.1.2 ). Alternatively, it may be closed immediately after it is opened, with no characters or line break in between ( `{}` ), unless it is part of a multi-block statement (one that directly contains multiple blocks: `if/else` or `try/catch/finally` ).
Examples:
  // This is acceptable
  void doNothing() {}

  // This is equally acceptable
  void doNothingElse() {
  }

  // This is not acceptable: No concise empty blocks in a multi-block statement
  try {
    doSomething();
  } catch (Exception e) {}",,Yes,"{'modulename': 'EmptyBlock', 'option': 'text', 'tokens': 'LITERAL_TRY, LITERAL_CATCH, LITERAL_FINALLY, LITERAL_IF, LITERAL_ELSE'}
{'modulename': 'RightCurly', 'option': 'alone_or_singleline', 'tokens': 'LITERAL_TRY, LITERAL_CATCH, LITERAL_FINALLY, LITERAL_IF, LITERAL_ELSE'}",true,,"EmptyBlock
RightCurly",,,"EmptyBlock
RightCurly",,,"EmptyBlock
RightCurly",
4.2 Block indentation: +2 spaces,"Each time a new block or block-like construct is opened, the indent increases by two spaces. When the block ends, the indent returns to the previous indent level. The indent level applies to both code and comments throughout the block. (See the example in Section 4.1.2, Nonempty blocks: K & R Style .)","{'modulename': 'Indentation', 'basicOffset': '2', 'braceAdjustment': 'OurSetDefault'}",Yes,"{'modulename': 'Indentation', 'basicOffset': '2', 'braceAdjustment': '2', 'caseIndent': '2', 'throwsIndent': '2', 'lineWrappingIndentation': '2'}
{'modulename': 'CommentsIndentation'}
{'modulename': 'JavadocTagContinuationIndentation', 'indentation': '2'}",true,Indentation,"CommentsIndentation
JavadocTagContinuationIndentation",,Indentation,"CommentsIndentation
JavadocTagContinuationIndentation",,,"Indentation
CommentsIndentation
JavadocTagContinuationIndentation",Indentation
4.3 One statement per line,"Each statement is followed by a line break.

","{'modulename': 'OneStatementPerLine', 'treatTryResourcesAsStatement': 'OurSetDefault'}",Yes,"{'modulename': 'OneStatementPerLine'}
{'modulename': 'MultipleVariableDeclarations'}",true,OneStatementPerLine,MultipleVariableDeclarations,,OneStatementPerLine,MultipleVariableDeclarations,,OneStatementPerLine,MultipleVariableDeclarations,
4.4 Column limit: 100,"Java code has a column limit of 100 characters. A ""character"" means any Unicode code point. Except as noted below, any line that would exceed this limit must be line-wrapped, as explained in Section 4.5, Line-wrapping .
Each Unicode code point counts as one character, even if its display width is greater or less. For example, if using fullwidth characters , you may choose to wrap the line earlier than where this rule strictly requires.
Exceptions:
Lines where obeying the column limit is not possible (for example, a long URL in Javadoc, or a long JSNI method reference). 
`package` and `import` statements (see Sections 3.2 Package statement and 3.3 Import statements ). 
Command lines in a comment that may be copied-and-pasted into a shell. 
Very long identifiers, on the rare occasions they are called for, are allowed to exceed the column limit. In that case, the valid wrapping for the surrounding code is as produced by google-java-format .","{'modulename': 'LineLength', 'max': '100', 'ignorePattern': 'OurSetDefault'}",Yes,"{'modulename': 'LineLength', 'max': '100', 'ignorePattern': '^.*(http|https|ftp)://.*$', 'ignoreImports': 'true'}
{'modulename': 'Indentation', 'basicOffset': '4', 'braceAdjustment': '4', 'caseIndent': '4', 'throwsIndent': '4', 'lineWrappingIndentation': '8'}",true,LineLength,Indentation,,,"LineLength
Indentation",LineLength,LineLength,Indentation,
4.5 Line-wrapping,"Terminology Note: When code that might otherwise legally occupy a single line is divided into multiple lines, this activity is called line-wrapping .
There is no comprehensive, deterministic formula showing exactly how to line-wrap in every situation. Very often there are several valid ways to line-wrap the same piece of code.
Note: While the typical reason for line-wrapping is to avoid overflowing the column limit, even code that would in fact fit within the column limit may be line-wrapped at the author's discretion.
Tip: Extracting a method or local variable may solve the problem without the need to line-wrap.

",,Yes,"{'modulename': 'LineLength', 'max': '80'}
{'modulename': 'Indentation', 'basicOffset': '4', 'lineWrappingIndentation': '8', 'braceAdjustment': '4', 'caseIndentation': '4', 'throwsIndentation': '4'}
{'modulename': 'OperatorWrap', 'option': 'NL'}",true,,"LineLength
Indentation
OperatorWrap",,,"LineLength
Indentation
OperatorWrap",,,"LineLength
Indentation
OperatorWrap",
4.5.1 Where to break,"The prime directive of line-wrapping is: prefer to break at a higher syntactic level . Also:
When a line is broken at a non-assignment operator the break comes before the symbol. (Note that this is not the same practice used in Google style for other languages, such as C++ and JavaScript.) 
This also applies to the following ""operator-like"" symbols: 
the dot separator ( `.` ) 
the two colons of a method reference ( `::` ) 
an ampersand in a type bound ( `<TextendsFoo&Bar>` ) 
a pipe in a catch block ( `catch(FooException|BarExceptione)` ). 
When a line is broken at an assignment operator the break typically comes after the symbol, but either way is acceptable. 
This also applies to the ""assignment-operator-like"" colon in an enhanced `for` (""foreach"") statement. 
A method or constructor name stays attached to the open parenthesis ( `(` ) that follows it. 
A comma ( `,` ) stays attached to the token that precedes it. 
A line is never broken adjacent to the arrow in a lambda, except that a break may come immediately after the arrow if the body of the lambda consists of a single unbraced expression. Examples:
MyLambda<String, Long, Object> lambda =
    (String label, Long value, Object obj) -> {
        ...
    };

Predicate<String> predicate = str ->
    longExpressionInvolving(str);

Note: The primary goal for line wrapping is to have clear code, not necessarily code that fits in the smallest number of lines.","{'modulename': 'OperatorWrap', 'id': 'OperatorWrap3', 'option': 'nl', 'tokens': 'QUESTION , COLON , EQUAL , NOT_EQUAL , DIV , PLUS , MINUS , STAR , MOD , SR , BSR , GE , GT , SL , LE , LT , BXOR , BOR , LOR , BAND , LAND , TYPE_EXTENSION_AND , LITERAL_INSTANCEOF '}
{'modulename': ' OperatorWrap', 'id': 'LineBreakAroundAssignmentOperator', 'option': 'nl', 'tokens': 'ASSIGN, DIV_ASSIGN, PLUS_ASSIGN, MINUS_ASSIGN, STAR_ASSIGN, MOD_ASSIGN, SR_ASSIGN, BSR_ASSIGN, SL_ASSIGN, BXOR_ASSIGN, BOR_ASSIGN, BAND_ASSIGN'}
{'modulename': 'SeparatorWrap', 'id': 'SeparatorWrapNL', 'tokens': 'DOT, METHOD_REF', 'option': 'nl'}
{'modulename': 'MethodParamPad', 'id': 'MethodParamPad1', 'allowLineBreaks': 'false', 'tokens': 'CTOR_DEF, METHOD_CALL, METHOD_DEF, SUPER_CTOR_CALL'}
{'modulename': 'NoWhitespaceBefore', 'id': 'NoWhitespaceBefore1', 'allowLineBreaks': 'false', 'tokens': 'COMMA'}",Yes,"{'modulename': 'Indentation', 'basicOffset': '4', 'lineWrappingIndentation': '8', 'braceAdjustment': '4', 'caseIndentation': '4', 'throwsIndentation': '4'}
{'modulename': 'OperatorWrap', 'option': 'NL_BEFORE', 'tokens': 'ASSIGN, PLUS, MINUS, STAR, DIV, MOD, SR, BSR, SL, BXOR, BOR, BAND, LOR, LAND, TYPE_EXTENSION_AND, METHOD_REF, DOT, LAMBDA, QUESTION, COLON, EQUAL, NOT_EQUAL, LT, GT, LE, GE, LITERAL_INSTANCEOF, LITERAL_CATCH, LITERAL_FOR'}",true,OperatorWrap,Indentation," OperatorWrap
SeparatorWrap
MethodParamPad
NoWhitespaceBefore",OperatorWrap,Indentation," OperatorWrap
SeparatorWrap
MethodParamPad
NoWhitespaceBefore",,"Indentation
OperatorWrap","OperatorWrap
 OperatorWrap
SeparatorWrap
MethodParamPad
NoWhitespaceBefore"
4.5.2 Indent continuation lines at least +4 spaces,"When line-wrapping, each line after the first (each continuation line ) is indented at least +4 from the original line.
When there are multiple continuation lines, indentation may be varied beyond +4 as desired. In general, two continuation lines use the same indentation level if and only if they begin with syntactically parallel elements.
Section 4.6.3 on Horizontal alignment addresses the discouraged practice of using a variable number of spaces to align certain tokens with previous lines.","{'modulename': 'Indentation', 'id': 'indentation_rule', 'forceStrictCondition': 'false'}",Yes,"{'modulename': 'JavadocTagContinuationIndentation', 'indentation': '4'}
{'modulename': 'Indentation', 'basicOffset': '4', 'lineWrappingIndentation': '4'}",true,Indentation,JavadocTagContinuationIndentation,,Indentation,JavadocTagContinuationIndentation,,Indentation,JavadocTagContinuationIndentation,
4.6.1 Vertical Whitespace,"A single blank line always appears:
Between consecutive members or initializers of a class: fields, constructors, methods, nested classes, static initializers, and instance initializers. 
Exception: A blank line between two consecutive fields (having no other code between them) is optional. Such blank lines are used as needed to create logical groupings of fields. 
Exception: Blank lines between enum constants are covered in Section 4.8.1 . 
As required by other sections of this document (such as Section 3, Source file structure , and Section 3.3, Import statements ).
A single blank line may also appear anywhere it improves readability, for example between statements to organize the code into logical subsections. A blank line before the first member or initializer, or after the last member or initializer of the class, is neither encouraged nor discouraged.
Multiple consecutive blank lines are permitted, but never required (or encouraged).","{'modulename': 'EmptyLineSeparator', 'id': 'rule4', 'allowMultipleEmptyLines': 'true', 'allowNoEmptyLineBetweenFields': 'true', 'tokens': 'METHOD_DEF, CLASS_DEF, INSTANCE_INIT, VARIABLE_DEF, CTOR_DEF, STATIC_INIT'}",Yes,"{'modulename': 'EmptyLineSeparator', 'tokens': 'PACKAGE_DEF, IMPORT, STATIC_INIT, INSTANCE_INIT, FIELD_DEF, CTOR_DEF, METHOD_DEF, CLASS_DEF, INTERFACE_DEF, ENUM_DEF, ENUM_CONSTANT_DEF'}",true,EmptyLineSeparator,,,EmptyLineSeparator,,,,EmptyLineSeparator,EmptyLineSeparator
4.6.2 Horizontal whitespace,"Beyond where required by the language or other style rules, and apart from literals, comments and Javadoc, a single ASCII space also appears in the following places only .
Separating any reserved word, such as `if` , `for` or `catch` , from an open parenthesis ( `(` ) that follows it on that line 
Separating any reserved word, such as `else` or `catch` , from a closing curly brace ( `}` ) that precedes it on that line 
Before any open curly brace ( `{` ), with two exceptions: 
`@SomeAnnotation({a,b})` (no space is used) 
`String[][]x={{""foo""}};` (no space is required between `{{` , by item 9 below) 
On both sides of any binary or ternary operator. This also applies to the following ""operator-like"" symbols: 
the ampersand in a conjunctive type bound: `<TextendsFoo&Bar>` 
the pipe for a catch block that handles multiple exceptions: `catch(FooException|BarExceptione)` 
the colon ( `:` ) in an enhanced `for` (""foreach"") statement 
the arrow in a lambda expression: `(Stringstr)->str.length()` 
but not 
the two colons ( `::` ) of a method reference, which is written like `Object::toString` 
the dot separator ( `.` ), which is written like `object.toString()` 
After `,:;` or the closing parenthesis ( `)` ) of a cast 
Between any content and a double slash ( `//` ) which begins a comment. Multiple spaces are allowed. 
Between a double slash ( `//` ) which begins a comment and the comment's text. Multiple spaces are allowed. 
Between the type and variable of a declaration: `List<String>list` 
Optional just inside both braces of an array initializer 
`newint[]{5,6}` and `newint[]{5,6}` are both valid 
Between a type annotation and `[]` or `...` .
This rule is never interpreted as requiring or forbidding additional space at the start or end of a line; it addresses only interior space.","{'modulename': 'WhitespaceAround', 'id': 'rule4', 'tokens': 'ASSIGN, BAND, BAND_ASSIGN, BOR, BOR_ASSIGN, BSR, BSR_ASSIGN, BXOR, BXOR_ASSIGN, COLON, DIV, DIV_ASSIGN, EQUAL, GE, GT, LAND, LE, LOR, LT, MINUS, MINUS_ASSIGN, MOD, MOD_ASSIGN, NOT_EQUAL, PLUS, PLUS_ASSIGN, QUESTION, SL, SL_ASSIGN, SR, SR_ASSIGN, STAR, STAR_ASSIGN'}
{'modulename': ' WhitespaceAfter', 'id': 'rule5', 'tokens': 'COMMA, SEMI, LITERAL_IF , LITERAL_ELSE , LITERAL_WHILE , LITERAL_DO , LITERAL_FOR , LITERAL_FINALLY , LITERAL_RETURN , LITERAL_YIELD , LITERAL_CATCH , DO_WHILE , LITERAL_SWITCH , LITERAL_SYNCHRONIZED , LITERAL_TRY , LITERAL_CASE'}",Yes,"<module name='SingleSpaceSeparator'>\n    <property name='validateComments' value='true'/>\n</module>\n\n
<module name='GenericWhitespace'/>\n\n
<module name='WhitespaceAround'>",false,,,"WhitespaceAround
 WhitespaceAfter",,,"WhitespaceAround
 WhitespaceAfter",,,"WhitespaceAround
 WhitespaceAfter"
4.6.3 Horizontal alignment: never required,"Terminology Note: 
Horizontal alignment is the practice of adding a variable number of additional spaces in your code with the goal of making certain tokens appear directly below certain other tokens on previous lines.
This practice is permitted, but is never required by Google Style. It is not even required to maintain horizontal alignment in places where it was already used.
Here is an example without alignment, then using alignment:
private int x; // this is fine
private Color color; // this too

private int   x;      // permitted, but future edits
private Color color;  // may leave it unaligned

Tip: Alignment can aid readability, but it creates problems for future maintenance. Consider a future change that needs to touch just one line. This change may leave the formerly-pleasing formatting mangled, and that is allowed . More often it prompts the coder (perhaps you) to adjust whitespace on nearby lines as well, possibly triggering a cascading series of reformattings. That one-line change now has a ""blast radius."" This can at worst result in pointless busywork, but at best it still corrupts version history information, slows down reviewers and exacerbates merge conflicts.",,Yes,"{'modulename': 'SingleSpaceSeparator', 'validateComments': 'false'}
{'modulename': 'Indentation', 'basicOffset': '4', 'braceAdjustment': '0', 'caseIndent': '4', 'throwsIndent': '4', 'lineWrappingIndentation': '8'}
{'modulename': 'AnnotationLocation'}
{'modulename': 'AvoidInlineConditionals'}
{'modulename': 'WhitespaceAround', 'allowEmptyMethods': 'true', 'allowEmptyConstructors': 'true', 'allowEmptyTypes': 'true', 'allowEmptyLoops': 'true', 'allowEmptyLambdas': 'true', 'allowEmptyCatches': 'true'}
{'modulename': 'TrailingComment'}
{'modulename': 'JavadocContentLocation', 'location': 'second_line'}
{'modulename': 'InnerAssignment'}
{'modulename': 'GenericWhitespace'}
{'modulename': 'OneStatementPerLine'}",true,,"SingleSpaceSeparator
Indentation
AnnotationLocation
AvoidInlineConditionals
WhitespaceAround
TrailingComment
JavadocContentLocation
InnerAssignment
GenericWhitespace
OneStatementPerLine",,,"SingleSpaceSeparator
Indentation
AnnotationLocation
AvoidInlineConditionals
WhitespaceAround
TrailingComment
JavadocContentLocation
InnerAssignment
GenericWhitespace
OneStatementPerLine",,,"SingleSpaceSeparator
Indentation
AnnotationLocation
AvoidInlineConditionals
WhitespaceAround
TrailingComment
JavadocContentLocation
InnerAssignment
GenericWhitespace
OneStatementPerLine",
4.7 Grouping parentheses: recommended,"Optional grouping parentheses are omitted only when author and reviewer agree that there is no reasonable chance the code will be misinterpreted without them, nor would they have made the code easier to read. It is not reasonable to assume that every reader has the entire Java operator precedence table memorized.

",,Yes,"{'modulename': 'UnnecessaryParentheses', 'id': 'UnnecessaryParentheses'}
{'modulename': 'AvoidInlineConditionals', 'id': 'AvoidInlineConditionals'}
{'modulename': 'InnerAssignment', 'id': 'InnerAssignment'}",true,,"UnnecessaryParentheses
AvoidInlineConditionals
InnerAssignment",,,"UnnecessaryParentheses
AvoidInlineConditionals
InnerAssignment",,,"UnnecessaryParentheses
AvoidInlineConditionals
InnerAssignment",
4.8.1 Enum classes,"After each comma that follows an enum constant, a line break is optional. Additional blank lines (usually just one) are also allowed. This is one possibility:
private enum Answer {
  YES {
    @Override public String toString() {
      return ""yes"";
    }
  },

  NO,
  MAYBE
}

An enum class with no methods and no documentation on its constants may optionally be formatted as if it were an array initializer (see Section 4.8.3.1 on array initializers ).
private enum Suit { CLUBS, HEARTS, SPADES, DIAMONDS }

Since enum classes are classes , all other rules for formatting classes apply.",,Yes,"{'modulename': 'NoEnumTrailingComma', 'id': 'NoEnumTrailingComma'}
{'modulename': 'OneStatementPerLine', 'id': 'OneStatementPerLine'}
{'modulename': 'DeclarationOrder', 'id': 'DeclarationOrder'}
{'modulename': 'ModifierOrder', 'id': 'ModifierOrder'}
{'modulename': 'Indentation', 'id': 'Indentation'}",true,,"NoEnumTrailingComma
OneStatementPerLine
DeclarationOrder
ModifierOrder
Indentation",,,"NoEnumTrailingComma
OneStatementPerLine
DeclarationOrder
ModifierOrder
Indentation",,,"NoEnumTrailingComma
OneStatementPerLine
DeclarationOrder
ModifierOrder
Indentation",
4.8.4 Switch statements,"Terminology Note: Inside the braces of a switch block are one or more statement groups . Each statement group consists of one or more switch labels (either `caseFOO:` or `default:` ), followed by one or more statements (or, for the last statement group, zero or more statements).

",,Yes,"{'modulename': 'AvoidNestedBlocks', 'allowInSwitchCase': 'true'}
{'modulename': 'EmptyBlock', 'option': 'TEXT'}
{'modulename': 'RightCurly', 'option': 'ALONE'}
{'modulename': 'OneStatementPerLine'}
{'modulename': 'DefaultComesLast'}
{'modulename': 'NeedBraces'}
{'modulename': 'NoWhitespaceBeforeCaseDefaultColon'}
{'modulename': 'MissingSwitchDefault'}
{'modulename': 'FallThrough'}
{'modulename': 'LeftCurly', 'option': 'NL'}",true,,"AvoidNestedBlocks
EmptyBlock
RightCurly
OneStatementPerLine
DefaultComesLast
NeedBraces
NoWhitespaceBeforeCaseDefaultColon
MissingSwitchDefault
FallThrough
LeftCurly",,,"AvoidNestedBlocks
EmptyBlock
RightCurly
OneStatementPerLine
DefaultComesLast
NeedBraces
NoWhitespaceBeforeCaseDefaultColon
MissingSwitchDefault
FallThrough
LeftCurly",,,"AvoidNestedBlocks
EmptyBlock
RightCurly
OneStatementPerLine
DefaultComesLast
NeedBraces
NoWhitespaceBeforeCaseDefaultColon
MissingSwitchDefault
FallThrough
LeftCurly",
4.8.6 Comments,"This section addresses implementation comments . Javadoc is addressed separately in Section 7, Javadoc .
Any line break may be preceded by arbitrary whitespace followed by an implementation comment. Such a comment renders the line non-blank.",,Yes,"{'modulename': 'SingleSpaceSeparator', 'validateComments': 'true'}
{'modulename': 'TrailingComment', 'format': '^\\\\s*\\\\}\\\\s*//.*$'}",true,,"SingleSpaceSeparator
TrailingComment",,,"SingleSpaceSeparator
TrailingComment",,,"SingleSpaceSeparator
TrailingComment",
4.8.6.1 Block comment style,"lock comments are indented at the same level as the surrounding code. They may be in /* ... */ style or // ... style. For multi-line /* ... */ comments, subsequent lines must start with * aligned with the * on the previous line.

/*
 * This is          // And so           /* Or you can
 * okay.            // is this.          * even do this. */
 */
Comments are not enclosed in boxes drawn with asterisks or other characters.

Tip: When writing multi-line comments, use the /* ... */ style if you want automatic code formatters to re-wrap the lines when necessary (paragraph-style). Most formatters don't re-wrap lines in // ... style comment blocks.","{'modulename': 'CommentsIndentation', 'tokens': 'SINGLE_LINE_COMMENT, BLOCK_COMMENT_BEGIN'}",Yes,"{'modulename': 'CommentsIndentation', 'id': 'CommentsIndentation'}
{'modulename': 'TrailingComment', 'id': 'TrailingComment'}",true,CommentsIndentation,TrailingComment,,CommentsIndentation,TrailingComment,,CommentsIndentation,TrailingComment,
4.8.7 Modifiers,"Class and member modifiers, when present, appear in the order recommended by the Java Language Specification:
public protected private abstract default static final transient volatile synchronized native strictfp

",{'modulename': 'ModifierOrder'},Yes,"{'modulename': 'ModifierOrder', 'id': 'ModifierOrder'}
{'modulename': 'RedundantModifier', 'id': 'RedundantModifier'}
{'modulename': 'VisibilityModifier', 'id': 'VisibilityModifier'}
{'modulename': 'InterfaceMemberImpliedModifier', 'id': 'InterfaceMemberImpliedModifier'}
{'modulename': 'ClassMemberImpliedModifier', 'id': 'ClassMemberImpliedModifier'}",true,ModifierOrder,"RedundantModifier
VisibilityModifier
InterfaceMemberImpliedModifier
ClassMemberImpliedModifier",,ModifierOrder,"RedundantModifier
VisibilityModifier
InterfaceMemberImpliedModifier
ClassMemberImpliedModifier",,ModifierOrder,"RedundantModifier
VisibilityModifier
InterfaceMemberImpliedModifier
ClassMemberImpliedModifier",
4.8.8 Numeric Literals,"`long` -valued integer literals use an uppercase `L` suffix, never lowercase (to avoid confusion with the digit `1` ). For example, `3000000000L` rather than `3000000000l` .",{'modulename': 'UpperEll'},Yes,"{'modulename': 'UpperEll', 'id': 'UpperEll'}",true,UpperEll,,,UpperEll,,,UpperEll,,
5.1 Rules common to all identifiers,"Identifiers use only ASCII letters and digits, and, in a small number of cases noted below, underscores. Thus each valid identifier name is matched by the regular expression `\w+` .
In Google Style, special prefixes or suffixes are not used. For example, these names are not Google Style: `name_` , `mName` , `s_name` and `kName` .

","{'modulename': 'IllegalIdentifierName', 'format': 'OurSetDefault'}",Yes,"{'modulename': 'IllegalIdentifierName', 'format': '\\\\w+'}
{'modulename': 'AbbreviationAsWordInName', 'allowedAbbreviationLength': '0', 'ignoreFinal': 'false', 'ignoreStatic': 'false', 'ignoreStaticFinal': 'false'}
{'modulename': 'ConstantName', 'format': '^[A-Z][A-Z0-9]*(_[A-Z0-9]+)*$'}
{'modulename': 'MemberName', 'format': '^[a-z][a-zA-Z0-9]*$'}
{'modulename': 'PackageName', 'format': '^[a-z]+(\\\\.[a-z][a-z0-9]*)*$'}
{'modulename': 'StaticVariableName', 'format': '^[a-z][a-zA-Z0-9]*$'}
{'modulename': 'CatchParameterName', 'format': '^[a-z][a-zA-Z0-9]*$'}
{'modulename': 'MethodName', 'format': '^[a-z][a-zA-Z0-9]*$'}
{'modulename': 'TypeName', 'format': '^[A-Z][a-zA-Z0-9]*$'}
{'modulename': 'PatternVariableName', 'format': '^[a-z][a-zA-Z0-9]*$'}",true,IllegalIdentifierName,"AbbreviationAsWordInName
ConstantName
MemberName
PackageName
StaticVariableName
CatchParameterName
MethodName
TypeName
PatternVariableName",,IllegalIdentifierName,"AbbreviationAsWordInName
ConstantName
MemberName
PackageName
StaticVariableName
CatchParameterName
MethodName
TypeName
PatternVariableName",,IllegalIdentifierName,"AbbreviationAsWordInName
ConstantName
MemberName
PackageName
StaticVariableName
CatchParameterName
MethodName
TypeName
PatternVariableName",
5.2.1 Package names,"Package names use only lowercase letters and digits (no underscores). Consecutive words are simply concatenated together. For example, `com.example.deepspace` , not `com.example.deepSpace` or `com.example.deep_space` .

","{'modulename': 'PackageName', 'id': 'packageNameCheck', 'format': '^[a-z]+(\\.[a-z][a-z0-9]*)*$'}",Yes,"{'modulename': 'PackageName', 'format': '^[a-z]+(\\\\.[a-z][a-z0-9]*)*$'}",true,PackageName,,,PackageName,,,,PackageName,PackageName
5.2.2 Class names,"Class names are written in UpperCamelCase .
Class names are typically nouns or noun phrases. For example, `Character` or `ImmutableList` . Interface names may also be nouns or noun phrases (for example, `List` ), but may sometimes be adjectives or adjective phrases instead (for example, `Readable` ).
There are no specific rules or even well-established conventions for naming annotation types.
A test class has a name that ends with `Test` , for example, `HashIntegrationTest` . If it covers a single class, its name is the name of that class plus `Test` , for example `HashImplTest` .

","{'modulename': 'TypeName', 'id': 'ClassNameUpperCamelCase', 'format': 'OurSetDefault', 'tokens': 'CLASS_DEF'}",Yes,"<module name='Checker'>\n    
<module name='TreeWalker'>\n        
<module name='ClassTypeParameterName'>\n            <property name='format' value='^[A-Z][a-zA-Z0-9]*$'/>\n        </module>\n        
<module name='ClassTypeParameterName'>\n            <property name='format' value='^[A-Z][a-zA-Z0-9]*$'/>\n        </module>\n        
<module name='ClassTypeParameterName'>\n            <property name='format' value='^[A-Z][a-zA-Z0-9]*$'/>\n        </module>\n        
<module name='ClassTypeParameterName'>\n            <property name='format' value='^[A-Z][a-zA-Z0-9]*$'/>\n        </module>\n        
<module name='ClassTypeParameterName'>\n            <property name='format' value='^[A-Z][a-zA-Z0-9]*$'/>\n        </module>\n        
<module name='ClassTypeParameterName'>\n            <property name='format' value='^[A-Z][a-zA-Z0-9]*$'/>\n        </module>\n        
<module name='ClassTypeParameterName'>\n            <property name='format' value='^[A-Z][a-zA-Z0-9]*$'/>\n        </module>\n        
<module name='ClassTypeParameterName'>\n            <property name='format' value='^[A-Z][a-zA-Z0-9]*$'/>\n        </module>\n        
<module name='ClassTypeParameterName'>\n            <property name='format' value='^[A-Z][a-zA-Z0-9]*$'/>\n        </module>\n        
<module name='ClassTypeParameterName'>\n            <property name='format' value='^[A-Z][a-zA-Z0-9]*$'/>\n        </module>\n        
<module name='ClassTypeParameterName'>\n            <property name='format' value='^[A-Z][a-zA-Z0-9]*$'/>\n        </module>\n        
<module name='ClassTypeParameterName'>\n            <property name='format' value='^[A-Z][a-zA-Z0-9]*$'/>\n        </module>\n        
<module name='ClassTypeParameterName'>\n            <property name='format' value='^[A-Z][a-zA-Z0-9]*$'/>\n        </module>\n        
<module name='ClassTypeParameterName'>\n            <property name='format' value='^[A-Z][a-zA-Z0-9]*$'/>\n        </module>\n        
<module name='ClassTypeParameterName'>\n            <property name='format' value='^[A-Z][a-zA-Z0-9]*$'/>\n        </module>\n        
<module name='ClassTypeParameterName'>\n            <property name='format' value='^[A-Z][a-zA-Z0-9]*$'/>\n        </module>\n        
<module name='ClassTypeParameterName'>\n            <property name='format' value='^[A-Z][a-zA-Z0-9]*$'/>\n        </module>\n        
<module name='ClassTypeParameterName'>\n            <property name='format' value='^[A-Z][a-zA-Z0-9]*$'/>\n        </module>\n        
<module name='ClassTypeParameterName'>\n            <property name='format' value='^[A-Z][a-zA-Z0-9]*$'/>\n        </module>\n        
<module name='ClassTypeParameterName'>\n            <property name='format' value='^[A-Z][a-zA-Z0-9]*$'/>\n        </module>\n        
<module name='ClassTypeParameterName'>\n            <property name='format' value='^[A-Z][a-zA-Z0-9]*$'/>\n        </module>\n        
<module name='ClassTypeParameterName'>\n            <property name='format' value='^[A-Z][a-zA-Z0-9]*$'/>\n        </module>\n        
<module name='ClassTypeParameterName'>\n            <property name='format' value='^[A-Z][a-zA-Z0-9]*$'/>\n        </module>\n        
<module name='ClassTypeParameterName'>\n            <property name='format' value='^[A-Z][a-zA-Z0-9]*$'/>\n        </module>\n        
<module name='ClassTypeParameterName'>\n            <property name='format' value='^[A-Z][a-zA-Z0-9]*$'/>\n        </module>\n        
<module name='ClassTypeParameterName'>\n            <property name='format' value='^[A-Z][a-zA-Z0-9]*$'/>\n        </module>\n        
<module name='ClassTypeParameterName'>\n            <property name='format' value='^[A-Z][a-zA-Z0-9]*$'/>\n        </module>\n        
<module name='ClassTypeParameterName'>\n            <property name='format' value='^[A-Z][a-zA-Z0-9]*$'/>\n        </module>\n        
<module name='ClassTypeParameterName'>\n            <property name='format' value='^[A-Z][a-zA-Z0-9]*$'/>\n        </module>\n        
<module name='ClassTypeParameterName'>\n            <property name='format' value='^[A-Z][a-zA-Z0-9]*$'/>\n        </module>\n        
<module name='ClassTypeParameterName'>\n            <property name='format' value='^[A-Z][a-zA-Z0-9]*$'/>\n        </module>\n        
<module name='ClassTypeParameterName'>\n            <property name='format' value='^[A-Z][a-zA-Z0-9]*$'/>\n        </module>\n        
<module name='ClassTypeParameterName'>\n            <property name='format' value='^[A-Z][a-zA-Z0-9]*$'/>\n        </module>\n        
<module name='ClassTypeParameterName'>\n            <property name='format' value='^[A-Z][a-zA-Z0-9]*$'/>\n        </module>\n        
<module name='ClassTypeParameterName'>\n            <property name='format' value='^[A-Z][a-zA-Z0-9]*$'/>\n        </module>\n        
<module name='ClassTypeParameterName'>\n            <property name='format' value='^[A-Z][a-zA-Z0-9]*$'/>\n        </module>\n        
<module name='ClassTypeParameterName'>\n            <property name='format' value='^[A-Z][a-zA-Z0-9]*$'/>\n        </module>\n        
<module name='ClassTypeParameterName'>\n            <property name='format' value='^[A-Z][a-zA-Z0-9]*$'/>\n        </module>\n        
<module name='ClassTypeParameterName'>\n            <property name='format' value='^[A-Z][a-zA-Z0-9]*$'/>\n        </module>\n        
<module name='ClassTypeParameterName'>\n            <property name='format' value='^[A-Z][a-zA-Z0-9]*$'/>\n        </module>\n        
<module name='ClassTypeParameterName'>\n            <property name='format' value='^[A-Z][a-zA-Z0-9]*$'/>\n        </module>\n        
<module name='ClassTypeParameterName'>\n            <property name='format' value='^[A-Z][a-zA-Z0-9]*$'/>\n        </module>\n        
<module name='ClassTypeParameterName'>\n            <property name='format' value='^[A-Z][a-zA-Z0-9]*$'/>\n        </module>\n        
<module name='ClassTypeParameterName'>\n            <property name='format' value='^[A-Z][a-zA-Z0-9]*$'/>\n        </module>\n        
<module name='ClassTypeParameterName'>\n            <property name='format' value='^[A-Z][a-zA-Z0-9]*$'/>\n        </module>\n        
<module name='ClassTypeParameterName'>\n            <property name='format' value='^[A-Z][a-zA-Z0-9]*$'/>\n        </module>\n        
<module name='ClassTypeParameterName'>\n            <property name='format' value='^[A-Z][a-zA-Z0-9]*$'/>\n        </module>\n        
<module name='ClassTypeParameterName'>\n            <property name='format' value='^[A-Z][a-zA-Z0-9]*$'/>\n        </module>\n        
<module name='ClassTypeParameterName'>\n            <property name='format' value='^[A-Z][a-zA-Z0-9]*$'/>\n        </module>\n        
<module name='ClassTypeParameterName'>\n            <property name='format' value='^[A-Z][a-zA-Z0-9]*$'/>\n        </module>\n        
<module name='ClassTypeParameterName'>\n            <property name='format' value='^[A-Z][a-zA-Z0-9]*$'/>\n        </module>\n        
<module name='ClassTypeParameterName'>\n            <property name='format' value='^[A-Z][a-zA-Z0-9]*$'/>\n        </module>\n        
<module name='ClassTypeParameterName'>\n            <property name='format' value='^[A-Z][a-zA-Z0-9]*$'/>\n        </module>\n        
<module name='ClassTypeParameterName'>\n            <property name='format' value='^[A-Z][a-zA-Z0-9]*$'/>\n        </module>\n        
<module name='ClassTypeParameterName'>\n            <property name='format' value='^[A-Z][a-zA-Z0-9]*$'/>\n        </module>\n        
<module name='ClassTypeParameterName'>\n            <property name='format' value='^[A-Z][a-zA-Z0-9]*$'/>\n        </module>\n        
<module name='ClassTypeParameterName'>\n            <property name='format' value='^[A-Z][a-zA-Z0-9]*$'/>\n        </module>\n        
<module name='ClassTypeParameterName'>\n            <property name='format' value='^[A-Z][a-zA-Z0-9]*$'/>\n        </module>\n        
<module name='ClassTypeParameterName'>\n            <property name='format' value='^[A-Z][a-zA-Z0-9]*$'/>\n        </module>\n        
<module name='ClassTypeParameterName'>\n            <property name='format' value='^[A-Z][a-zA-Z0-9]*$'/>\n        </module>\n        
<module name='ClassTypeParameterName'>\n            <property name='format' value='^[A-Z][a-zA-Z0-9]*$'/>\n        </module>\n        
<module name='ClassTypeParameterName'>\n            <property name='format' value='^[A-Z][a-zA-Z0-9]*$'/>\n        </module>\n        
<module name='ClassTypeParameterName'>\n            <property name='format' value='^[A-Z][a-zA-Z0-9]*$'/>\n        </module>\n        
<module name='ClassTypeParameterName'>\n            <property name='format' value='^[A-Z][a-zA-Z0-9]*$'/>\n        </module>\n        
<module name='ClassTypeParameterName'>\n            <property name='format' value='^[A-Z][a-zA-Z0-9]*$'/>\n        </module>\n        
<module name='ClassTypeParameterName'>\n            <property name='format' value='^[A-Z][a-zA-Z0-9]*$'/>\n        </module>\n        
<module name='ClassTypeParameterName'>\n            <property name='format' value='^[A-Z][a-zA-Z0-9]*$'/>\n        </module>\n        
<module name='ClassTypeParameterName'>\n            <property name='format' value='^[A-Z][a-zA-Z0-9]*$'/>\n        </module>\n        
<module name='ClassTypeParameterName'>\n            <property name='format' value='^[A-Z][a-zA-Z0-9]*$'/>\n        </module>\n        
<module name='ClassTypeParameterName'>\n            <property name='format' value='^[A-Z][a-zA-Z0-9]*$'/>\n        </module>\n        
<module name='ClassTypeParameterName'>\n            <property name='format' value='^[A-Z][a-zA-Z0-9]*$'/>\n        </module>\n        
<module name='ClassTypeParameterName'>\n            <property name='format' value='^[A-Z][a-zA-Z0-9]*$'/>\n        </module>\n        
<module name='ClassTypeParameterName'>\n            <property name='format' value='^[A-Z][a-zA-Z0-9]*$'/>\n        </module>\n        
<module name='ClassTypeParameterName'>\n            <property name='format' value='^[A-Z][a-zA-Z0-9]*$'/>\n        </module>\n        
<module name='ClassTypeParameterName'>\n            <property name='format' value='^[A-Z][a-zA-Z0-9]*$'/>\n        </module>\n        
<module name='ClassTypeParameterName'>\n            <property name='format' value='^[A-Z][a-zA-Z0-9]*$'/>\n        </module>\n        
<module name='ClassTypeParameterName'>\n            <property name='format' value='^[A-Z][a-zA-Z0-9]*$'/>\n        </module>\n        
<module name='ClassTypeParameterName'>\n            <property name='format' value='^[A-Z][a-zA-Z0-9]*$'/>\n        </module>\n        
<module name='ClassTypeParameterName'>\n            <property name='format' value='^[A-Z][a-zA-Z0-9]*$'/>\n        </module>\n        
<module name='ClassTypeParameterName'>\n            <property name='format' value='^[A-Z][a-zA-Z0-9]*$'/>\n        </module>\n        
<module name='ClassTypeParameterName'>\n            <property name='format' value='^[A-Z][a-zA-Z0-9]*$'/>\n        </module>\n        
<module name='ClassTypeParameterName'>\n            <property name='format' value='^[A-Z][a-zA-Z0-9]*$'/>\n        </module>\n        
<module name='ClassTypeParameterName'>\n            <property name='format' value='^[A-Z][a-zA-Z0-9]*$'/>\n        </module>\n        
<module name='ClassTypeParameterName'>\n            <property name='format' value='^[A-Z][a-zA-Z0-9]*$'/>\n        </module>\n        
<module name='ClassTypeParameterName'>\n            <property name='format' value='^[A-Z][a-zA-Z0-9]*$'/>\n        </module>\n        
<module name='ClassTypeParameterName'>\n            <property name='format' value='^[A-Z][a-zA-Z0-9]*$'/>\n        </module>\n        
<module name='ClassTypeParameterName'>\n            <property name='format' value='^[A-Z][a-zA-Z0-9]*$'/>\n        </module>\n        
<module name='ClassTypeParameterName'>\n            <property name='format' value='^[A-Z][a-zA-Z0-9]*$'/>\n        </module>\n        
<module name='ClassTypeParameterName'>\n            <property name='format' value='^[A-Z][a-zA-Z0-9]*$'/>\n        </module>\n        
<module name='ClassTypeParameterName'>\n            <property name='format' value='^[A-Z][a-zA-Z0-9]*$'/>\n        </module>\n        
<module name='ClassTypeParameterName'>\n            <property name='format' value='^[A-Z][a-zA-Z0-9]*$'/>\n        </module>\n        
<module name='ClassTypeParameterName'>\n            <property name='format' value='^[A-Z][a-zA-Z0-9]*$'/>\n        </module>\n        
<module name='ClassTypeParameterName'>\n            <property name='format' value='^[A-Z][a-zA-Z0-9]*$'/>\n        </module>\n        
<module name='ClassTypeParameterName'>\n            <property name='format' value='^[A-Z][a-zA-Z0-9]*$'/>\n        </module>\n        
<module name='ClassTypeParameterName'>\n            <property name='format' value='^[A-Z][a-zA-Z0-9]*$'/>\n        </module>\n        
<module name='ClassTypeParameterName'>\n            <property name='format' value='^[A-Z][a-zA-Z0-9]*$'/>\n        </module>\n        
<module name='ClassTypeParameterName'>",false,,,TypeName,,,TypeName,,,TypeName
5.2.3 Method names,"Method names are written in lowerCamelCase .
Method names are typically verbs or verb phrases. For example, `sendMessage` or `stop` .
Underscores may appear in JUnit test method names to separate logical components of the name, with each component written in lowerCamelCase , for example `transferMoney_deductsFromSource` . There is no One Correct Way to name test methods.

","{'modulename': 'MethodName', 'format': '^[a-z][a-zA-Z0-9]*$'}",Yes,"{'modulename': 'MethodName', 'format': '^[a-z][a-zA-Z0-9]*(_[a-z][a-zA-Z0-9]*)*$', 'allowClassName': 'false'}
{'modulename': 'AbbreviationAsWordInName', 'allowedAbbreviationLength': '0', 'ignoreFinal': 'false', 'ignoreStatic': 'false', 'ignoreStaticFinal': 'false'}",true,MethodName,AbbreviationAsWordInName,,MethodName,AbbreviationAsWordInName,,,"MethodName
AbbreviationAsWordInName",MethodName
5.2.4 Constant names,"Constant names use `UPPER_SNAKE_CASE` : all uppercase letters, with each word separated from the next by a single underscore. But what is a constant, exactly?
Constants are static final fields whose contents are deeply immutable and whose methods have no detectable side effects. Examples include primitives, strings, immutable value classes, and anything set to `null` . If any of the instance's observable state can change, it is not a constant. Merely intending to never mutate the object is not enough. Examples:
// Constants
static final int NUMBER = 5;
static final ImmutableList<String> NAMES = ImmutableList.of(""Ed"", ""Ann"");
static final Map<String, Integer> AGES = ImmutableMap.of(""Ed"", 35, ""Ann"", 32);
static final Joiner COMMA_JOINER = Joiner.on(','); // because Joiner is immutable
static final SomeMutableType[] EMPTY_ARRAY = {};

// Not constants
static String nonFinal = ""non-final"";
final String nonStatic = ""non-static"";
static final Set<String> mutableCollection = new HashSet<String>();
static final ImmutableSet<SomeMutableType> mutableElements = ImmutableSet.of(mutable);
static final ImmutableMap<String, SomeMutableType> mutableValues =
    ImmutableMap.of(""Ed"", mutableInstance, ""Ann"", mutableInstance2);
static final Logger logger = Logger.getLogger(MyClass.getName());
static final String[] nonEmptyArray = {""these"", ""can"", ""change""};

These names are typically nouns or noun phrases.","{'modulename': 'ConstantName', 'format': '^[A-Z][A-Z0-9]*(_[A-Z0-9]+)*$'}",Yes,"{'modulename': 'ConstantName', 'format': '^[A-Z][A-Z0-9]*(_[A-Z0-9]+)*$'}
{'modulename': 'MagicNumber', 'ignoreNumbers': '-1,0,1,2'}
{'modulename': 'StaticVariableName', 'format': '^[a-z][a-zA-Z0-9]*$'}
{'modulename': 'VisibilityModifier', 'allowPublicFinalFields': 'true', 'allowPublicImmutableFields': 'true', 'immutableClassCanonicalNames': 'java.lang.String,com.google.common.collect.ImmutableCollection'}
{'modulename': 'AbbreviationAsWordInName', 'allowedAbbreviationLength': '3', 'ignoreStaticFinal': 'true'}",true,,"ConstantName
MagicNumber
StaticVariableName
VisibilityModifier
AbbreviationAsWordInName",,,"ConstantName
MagicNumber
StaticVariableName
VisibilityModifier
AbbreviationAsWordInName",,,"ConstantName
MagicNumber
StaticVariableName
VisibilityModifier
AbbreviationAsWordInName",
5.2.5 Non-constant field names,"Non-constant field names (static or otherwise) are written in lowerCamelCase .
These names are typically nouns or noun phrases. For example, `computedValues` or `index` .

","{'modulename': 'MemberName', 'format': '^[a-z][a-zA-Z0-9]*$'}",Yes,"{'modulename': 'StaticVariableName', 'format': '^[a-z][a-zA-Z0-9]*$'}
{'modulename': 'MemberName', 'format': '^[a-z][a-zA-Z0-9]*$'}",true,MemberName,StaticVariableName,,MemberName,StaticVariableName,,MemberName,StaticVariableName,
5.2.6 Parameter names,"Parameter names are written in lowerCamelCase .
One-character parameter names in public methods should be avoided.

","{'modulename': 'ParameterName', 'id': 'parameterNameRule', 'format': 'OurSetDefault', 'accessModifiers': 'OurSetDefault'}",Yes,"{'modulename': 'ParameterName', 'format': '^[a-z][a-zA-Z0-9]*$', 'accessModifiers': 'public'}
{'modulename': 'CatchParameterName', 'format': '^[a-z][a-zA-Z0-9]*$'}
{'modulename': 'LambdaParameterName', 'format': '^[a-z][a-zA-Z0-9]*$'}",true,ParameterName,"CatchParameterName
LambdaParameterName",,ParameterName,"CatchParameterName
LambdaParameterName",,ParameterName,"CatchParameterName
LambdaParameterName",
5.2.7 Local variable names,"Local variable names are written in lowerCamelCase .
Even when final and immutable, local variables are not considered to be constants, and should not be styled as constants.

","{'modulename': 'LocalVariableName', 'id': 'localVariableNameRule', 'format': '^[a-z][a-zA-Z0-9]*$'}",Yes,"{'modulename': 'LocalVariableName', 'format': '^[a-z][a-zA-Z0-9]*$'}
{'modulename': 'UnusedLocalVariable'}
{'modulename': 'LocalFinalVariableName', 'format': '^[a-z][a-zA-Z0-9]*$'}
{'modulename': 'AbbreviationAsWordInName', 'allowedAbbreviationLength': '0', 'ignoreFinal': 'false', 'ignoreStatic': 'false', 'ignoreStaticFinal': 'false'}",true,LocalVariableName,"UnusedLocalVariable
LocalFinalVariableName
AbbreviationAsWordInName",,LocalVariableName,"UnusedLocalVariable
LocalFinalVariableName
AbbreviationAsWordInName",,LocalVariableName,"UnusedLocalVariable
LocalFinalVariableName
AbbreviationAsWordInName",
5.2.8 Type variable names,"Each type variable is named in one of two styles:
A single capital letter, optionally followed by a single numeral (such as `E` , `T` , `X` , `T2` ) 
A name in the form used for classes (see Section 5.2.2, Class names ), followed by the capital letter `T` (examples: `RequestT` , `FooBarT` ).","{'modulename': 'ClassTypeParameterName', 'format': 'OurSetDefault'}
{'modulename': 'RecordTypeParameterName', 'format': 'OurSetDefault'}
{'modulename': 'MethodTypeParameterName', 'format': 'OurSetDefault'}
{'modulename': 'InterfaceTypeParameterName', 'format': 'OurSetDefault'}",Yes,"{'modulename': 'TypeName', 'format': '^[A-Z][a-zA-Z0-9]*T?$'}
{'modulename': 'ClassTypeParameterName', 'format': '^[A-Z]([0-9]?|[a-zA-Z]*T)$'}
{'modulename': 'MethodTypeParameterName', 'format': '^[A-Z]([0-9]?|[a-zA-Z]*T)$'}
{'modulename': 'RecordTypeParameterName', 'format': '^[A-Z]([0-9]?|[a-zA-Z]*T)$'}",true,"ClassTypeParameterName
MethodTypeParameterName
RecordTypeParameterName",TypeName,InterfaceTypeParameterName,"ClassTypeParameterName
MethodTypeParameterName
RecordTypeParameterName",TypeName,InterfaceTypeParameterName,"ClassTypeParameterName
MethodTypeParameterName
RecordTypeParameterName",TypeName,InterfaceTypeParameterName
5.3 Camel case: defined,"Sometimes there is more than one reasonable way to convert an English phrase into camel case, such as when acronyms or unusual constructs like ""IPv6"" or ""iOS"" are present. To improve predictability, Google Style specifies the following (nearly) deterministic scheme.
Beginning with the prose form of the name:
Convert the phrase to plain ASCII and remove any apostrophes. For example, ""Müller's algorithm"" might become ""Muellers algorithm"". 
Divide this result into words, splitting on spaces and any remaining punctuation (typically hyphens). 
Recommended: if any word already has a conventional camel-case appearance in common usage, split this into its constituent parts (e.g., ""AdWords"" becomes ""ad?words""). Note that a word such as ""iOS"" is not really in camel case per se ; it defies any convention, so this recommendation does not apply. 
Now lowercase everything (including acronyms), then uppercase only the first character of: 
... each word, to yield upper camel case , or 
... each word except the first, to yield lower camel case 
Finally, join all the words into a single identifier.
Note that the casing of the original words is almost entirely disregarded. Examples:
Prose form 
Correct 
Incorrect 
""XML HTTP request"" 
`XmlHttpRequest` 
`XMLHTTPRequest` 
""new customer ID"" 
`newCustomerId` 
`newCustomerID` 
""inner stopwatch"" 
`innerStopwatch` 
`innerStopWatch` 
""supports IPv6 on iOS?"" 
`supportsIpv6OnIos` 
`supportsIPv6OnIOS` 
""YouTube importer"" 
`YouTubeImporter` 
`YoutubeImporter` *
*Acceptable, but not recommended.
Note: Some words are ambiguously hyphenated in the English language: for example ""nonempty"" and ""non-empty"" are both correct, so the method names `checkNonempty` and `checkNonEmpty` are likewise both correct.",,Yes,"{'modulename': 'AbbreviationAsWordInName', 'allowedAbbreviationLength': '0', 'ignoreFinal': 'false', 'ignoreStatic': 'false', 'ignoreStaticFinal': 'false'}",true,,AbbreviationAsWordInName,,,AbbreviationAsWordInName,,,AbbreviationAsWordInName,
6.1 @Override: always used,"A method is marked with the @Override annotation whenever it is legal. This includes a class method overriding a superclass method, a class method implementing an interface method, and an interface method respecifying a superinterface method.
Exception: @Override may be omitted when the parent method is @Deprecated.
","{'modulename': 'MissingOverride', 'javaFiveCompatibility': 'OurSetDefault'}",Yes,"{'modulename': 'MissingOverride', 'javaFiveCompatibility': 'false'}",true,MissingOverride,,,MissingOverride,,,MissingOverride,,
6.2 Caught exceptions: not ignored,"Except as noted below, it is very rarely correct to do nothing in response to a caught exception. (Typical responses are to log it, or if it is considered ""impossible"", rethrow it as an `AssertionError` .)
When it truly is appropriate to take no action whatsoever in a catch block, the reason this is justified is explained in a comment.
try {
  int i = Integer.parseInt(response);
  return handleNumericResponse(i);
} catch (NumberFormatException ok) {
  // it's not numeric; that's fine, just continue
}
return handleTextResponse(response);

Exception: In tests, a caught exception may be ignored without comment if its name is or begins with `expected` . The following is a very common idiom for ensuring that the code under test does throw an exception of the expected type, so a comment is unnecessary here.
try {
  emptyStack.pop();
  fail();
} catch (NoSuchElementException expected) {
}

","{'modulename': 'EmptyCatchBlock', 'id': 'Rule2', 'commentFormat': 'OurSetDefault', 'exceptionVariableName': 'OurSetDefault'}",Yes,"{'modulename': 'IllegalCatch', 'illegalClassNames': 'java.lang.Exception, java.lang.Error, java.lang.RuntimeException'}
{'modulename': 'EmptyCatchBlock', 'allowCommentedCatch': 'true', 'commentFormat': '^(?i)expected.*$'}",true,EmptyCatchBlock,IllegalCatch,,,"IllegalCatch
EmptyCatchBlock",EmptyCatchBlock,EmptyCatchBlock,IllegalCatch,
6.3 Static members: qualified using class,"When a reference to a static class member must be qualified, it is qualified with that class's name, not with a reference or expression of that class's type.
Foo aFoo = ...;
Foo.aStaticMethod(); // good
aFoo.aStaticMethod(); // bad
somethingThatYieldsAFoo().aStaticMethod(); // very bad

",,Yes,{'modulename': 'AvoidStaticImport'},true,,AvoidStaticImport,,,AvoidStaticImport,,,AvoidStaticImport,
6.4 Finalizers: not used,"It is extremely rare to override `Object.finalize` .
Tip: Don't do it. If you absolutely must, first read and understand Effective Java
 
 Item 8 , ""Avoid finalizers and cleaners"" very carefully, and then don't do it.",{'modulename': 'NoFinalizer'},Yes,"{'modulename': 'NoFinalizer'}
{'modulename': 'SuperFinalize'}",true,NoFinalizer,SuperFinalize,,NoFinalizer,SuperFinalize,,NoFinalizer,SuperFinalize,
7.1.1 General form,"The basic formatting of Javadoc blocks is as seen in this example:
/**
 * Multiple lines of Javadoc text are written here,
 * wrapped normally...
 */
public int method(String p1) { ... }

... or in this single-line example:
/** An especially short bit of Javadoc. */

The basic form is always acceptable. The single-line form may be substituted when the entirety of the Javadoc block (including comment markers) can fit on a single line. Note that this only applies when there are no block tags such as `@return` .","{'modulename': 'SingleLineJavadoc', 'ignoreInlineTags': 'OurSetDefault', 'violateExecutionOnNonTightHtml': 'OurSetDefault', 'ignoredTags': 'OurSetDefault'}
{'modulename': 'JavadocStyle'}",Yes,"{'modulename': 'SingleLineJavadoc'}
{'modulename': 'JavadocParagraph'}
{'modulename': 'JavadocContentLocation', 'location': 'second_line'}
{'modulename': 'JavadocTagContinuationIndentation', 'indentation': '4'}
{'modulename': 'InvalidJavadocPosition'}
{'modulename': 'JavadocBlockTagLocation'}
{'modulename': 'JavadocStyle'}
{'modulename': 'JavadocMissingLeadingAsterisk'}",true,"SingleLineJavadoc
JavadocStyle","JavadocParagraph
JavadocContentLocation
JavadocTagContinuationIndentation
InvalidJavadocPosition
JavadocBlockTagLocation
JavadocMissingLeadingAsterisk",,"SingleLineJavadoc
JavadocStyle","JavadocParagraph
JavadocContentLocation
JavadocTagContinuationIndentation
InvalidJavadocPosition
JavadocBlockTagLocation
JavadocMissingLeadingAsterisk",,"SingleLineJavadoc
JavadocStyle","JavadocParagraph
JavadocContentLocation
JavadocTagContinuationIndentation
InvalidJavadocPosition
JavadocBlockTagLocation
JavadocMissingLeadingAsterisk",
7.1.2 Paragraphs,"One blank line—that is, a line containing only the aligned leading asterisk ( `*` )—appears between paragraphs, and before the group of block tags if present. Each paragraph except the first has `<p>` immediately before the first word, with no space after it. HTML tags for other block-level elements, such as `<ul>` or `<table>` , are not preceded with `<p>` .

","{'modulename': 'RequireEmptyLineBeforeBlockTagGroup', 'violateExecutionOnNonTightHtml': 'OurSetDefault'}
{'modulename': 'JavadocParagraph', 'allowNewlineParagraph': 'true', 'violateExecutionOnNonTightHtml': 'OurSetDefault'}",Yes,"{'modulename': 'JavadocParagraph'}
{'modulename': 'RequireEmptyLineBeforeBlockTagGroup'}",true,"JavadocParagraph
RequireEmptyLineBeforeBlockTagGroup",,,"JavadocParagraph
RequireEmptyLineBeforeBlockTagGroup",,,"JavadocParagraph
RequireEmptyLineBeforeBlockTagGroup",,
7.1.3 Block tags,"Any of the standard ""block tags"" that are used appear in the order `@param` , `@return` , `@throws` , `@deprecated` , and these four types never appear with an empty description. When a block tag doesn't fit on a single line, continuation lines are indented four (or more) spaces from the position of the `@` .

","{'modulename': 'AtclauseOrder', 'id': 'atclause_order', 'tagOrder': '@param, @return, @throws, @deprecated'}
{'modulename': 'NonEmptyAtclauseDescription', 'id': 'non_empty_atclause_description', 'javadocTokens': 'PARAM_LITERAL, RETURN_LITERAL, THROWS_LITERAL, DEPRECATED_LITERAL'}
{'modulename': 'JavadocTagContinuationIndentation', 'offset': '4'}",Yes,"{'modulename': 'JavadocTagContinuationIndentation', 'indentation': '4'}
{'modulename': 'SingleLineJavadoc'}
{'modulename': 'NonEmptyAtclauseDescription'}
{'modulename': 'JavadocBlockTagLocation'}
{'modulename': 'RequireEmptyLineBeforeBlockTagGroup'}
{'modulename': 'AtclauseOrder', 'tagOrder': 'param,return,throws,deprecated'}",true,"JavadocTagContinuationIndentation
NonEmptyAtclauseDescription
AtclauseOrder","SingleLineJavadoc
JavadocBlockTagLocation
RequireEmptyLineBeforeBlockTagGroup",,"NonEmptyAtclauseDescription
AtclauseOrder","JavadocTagContinuationIndentation
SingleLineJavadoc
JavadocBlockTagLocation
RequireEmptyLineBeforeBlockTagGroup",JavadocTagContinuationIndentation,JavadocTagContinuationIndentation,"SingleLineJavadoc
NonEmptyAtclauseDescription
JavadocBlockTagLocation
RequireEmptyLineBeforeBlockTagGroup
AtclauseOrder","AtclauseOrder
NonEmptyAtclauseDescription"
7.2 The summary fragment,"Each Javadoc block begins with a brief summary fragment . This fragment is very important: it is the only part of the text that appears in certain contexts such as class and method indexes.
This is a fragment—a noun phrase or verb phrase, not a complete sentence. It does not begin with `A{@codeFoo}isa...` , or `Thismethodreturns...` , nor does it form a complete imperative sentence like `Savetherecord.` . However, the fragment is capitalized and punctuated as if it were a complete sentence.
Tip: A common mistake is to write simple Javadoc in the form `/**@returnthecustomerID*/` . This is incorrect, and should be changed to `/**ReturnsthecustomerID.*/` .

","{'modulename': 'SummaryJavadoc', 'forbiddenSummaryFragments': 'OurSetDefault'}",Yes,"{'modulename': 'SummaryJavadoc', 'id': 'SummaryJavadoc'}
{'modulename': 'JavadocStyle', 'id': 'JavadocStyle'}",true,SummaryJavadoc,JavadocStyle,,SummaryJavadoc,JavadocStyle,,SummaryJavadoc,JavadocStyle,
7.3 Where Javadoc is used,"At the minimum , Javadoc is present for every `public` class, and every `public` or `protected` member of such a class, with a few exceptions noted below.
Additional Javadoc content may also be present, as explained in Section 7.3.4, Non-required Javadoc .","{'modulename': 'MissingJavadocType', 'scope': 'public', 'tokens': 'CLASS_DEF'}
{'modulename': 'MissingJavadocMethod', 'scope': 'protected', 'excludeScope': 'OurSetDefault', 'tokens': 'METHOD_DEF, CTOR_DEF, ANNOTATION_FIELD_DEF, COMPACT_CTOR_DEF'}",Yes,"{'modulename': 'InvalidJavadocPosition'}
{'modulename': 'MissingJavadocType', 'scope': 'public'}
{'modulename': 'JavadocStyle'}
{'modulename': 'SummaryJavadoc'}",true,MissingJavadocType,"InvalidJavadocPosition
JavadocStyle
SummaryJavadoc",MissingJavadocMethod,MissingJavadocType,"InvalidJavadocPosition
JavadocStyle
SummaryJavadoc",MissingJavadocMethod,,"InvalidJavadocPosition
MissingJavadocType
JavadocStyle
SummaryJavadoc","MissingJavadocType
MissingJavadocMethod"
7.3.1 Exception: self-explanatory members,"Javadoc is optional for ""simple, obvious"" members like `getFoo()` , in cases where there really and truly is nothing else worthwhile to say but ""Returns the foo"".
Important: it is not appropriate to cite this exception to justify omitting relevant information that a typical reader might need to know. For example, for a method named `getCanonicalName` , don't omit its documentation (with the rationale that it would say only `/**Returnsthecanonicalname.*/` ) if a typical reader may have no idea what the term ""canonical name"" means!

",,Yes,"{'modulename': 'DesignForExtension', 'ignoredAnnotations': 'Override'}
{'modulename': 'InvalidJavadocPosition'}
{'modulename': 'JavadocVariable'}
{'modulename': 'SummaryJavadoc'}",true,,"DesignForExtension
InvalidJavadocPosition
JavadocVariable
SummaryJavadoc",,,"DesignForExtension
InvalidJavadocPosition
JavadocVariable
SummaryJavadoc",,,"DesignForExtension
InvalidJavadocPosition
JavadocVariable
SummaryJavadoc",
7.3.2 Exception: overrides,"Javadoc is not always present on a method that overrides a supertype method.

","{'modulename': 'MissingJavadocMethod', 'id': 'missingJavadocMethodOverride', 'allowedAnnotations': 'Override'}
{'modulename': 'JavadocMethod', 'id': 'missingJavadocMethodOverride', 'allowedAnnotations': 'Override'}",Yes,"{'modulename': 'DesignForExtension', 'ignoredAnnotations': 'Override'}
{'modulename': 'MissingJavadocMethod', 'scope': 'public', 'allowMissingPropertyJavadoc': 'true'}",true,MissingJavadocMethod,DesignForExtension,,MissingJavadocMethod,DesignForExtension,,,"DesignForExtension
MissingJavadocMethod",MissingJavadocMethod
7.3.4 Non-required Javadoc,"Other classes and members have Javadoc as needed or desired .
Whenever an implementation comment would be used to define the overall purpose or behavior of a class or member, that comment is written as Javadoc instead (using `/**` ).
Non-required Javadoc is not strictly required to follow the formatting rules of Sections 7.1.1, 7.1.2, 7.1.3, and 7.2, though it is of course recommended.",,Yes,"{'modulename': 'JavadocVariable', 'scope': 'public'}
{'modulename': 'MissingJavadocType', 'scope': 'public'}
{'modulename': 'InvalidJavadocPosition'}
{'modulename': 'SummaryJavadoc'}
{'modulename': 'JavadocStyle'}
{'modulename': 'JavadocMissingWhitespaceAfterAsterisk'}",true,,"JavadocVariable
MissingJavadocType
InvalidJavadocPosition
SummaryJavadoc
JavadocStyle
JavadocMissingWhitespaceAfterAsterisk",,,"JavadocVariable
MissingJavadocType
InvalidJavadocPosition
SummaryJavadoc
JavadocStyle
JavadocMissingWhitespaceAfterAsterisk",,,"JavadocVariable
MissingJavadocType
InvalidJavadocPosition
SummaryJavadoc
JavadocStyle
JavadocMissingWhitespaceAfterAsterisk",
4.8.5.1 Type-use annotations,"Type-use annotations appear immediately before the annotated type. An annotation is a type-use annotation if it is meta-annotated with @Target(ElementType.TYPE_USE). Example:
final @Nullable String name;

public @Nullable Person getPersonByName(String name);
","{'modulename': 'AnnotationLocation', 'id': 'AnnotationLocationRule', 'allowSamelineMultipleAnnotations': 'false', 'allowSamelineParameterizedAnnotation': 'false', 'allowSamelineSingleParameterlessAnnotation': 'true', 'tokens': 'CLASS_DEF, INTERFACE_DEF, PACKAGE_DEF, ENUM_CONSTANT_DEF, ENUM_DEF, METHOD_DEF, CTOR_DEF, VARIABLE_DEF, RECORD_DEF, COMPACT_CTOR_DEF'}",Yes,"{'modulename': 'AnnotationLocation', 'id': 'annotationLocation', 'allowSamelineSingleParameterlessAnnotation': 'true', 'allowSamelineParameterizedAnnotation': 'false'}
{'modulename': 'ModifierOrder', 'id': 'modifierOrder', 'annotationsBeforeModifiers': 'true'}",true,AnnotationLocation,ModifierOrder,,AnnotationLocation,ModifierOrder,,AnnotationLocation,ModifierOrder,
4.8.5.2 Class annotations,"Annotations applying to a class appear immediately after the documentation block, and each annotation is listed on a line of its own (that is, one annotation per line). These line breaks do not constitute line-wrapping (Section 4.5, Line-wrapping), so the indentation level is not increased. Example:
@Deprecated
@CheckReturnValue
public final class Frozzler { ... }","{'modulename': 'AnnotationLocation', 'tokens': 'CLASS_DEF', 'allowSamelineMultipleAnnotations': 'false', 'allowSamelineParameterizedAnnotation': 'OurSetDefault', 'allowSamelineSingleParameterlessAnnotation': 'OurSetDefault'}",Yes,"{'modulename': 'AnnotationLocation', 'id': 'AnnotationLocation', 'allowSamelineMultipleAnnotations': 'false', 'allowSamelineSingleParameterlessAnnotation': 'false'}
{'modulename': 'InvalidJavadocPosition', 'id': 'InvalidJavadocPosition'}
{'modulename': 'PackageAnnotation', 'id': 'PackageAnnotation'}
{'modulename': 'ModifierOrder', 'id': 'ModifierOrder'}",true,AnnotationLocation,"InvalidJavadocPosition
PackageAnnotation
ModifierOrder",,AnnotationLocation,"InvalidJavadocPosition
PackageAnnotation
ModifierOrder",,,"AnnotationLocation
InvalidJavadocPosition
PackageAnnotation
ModifierOrder",AnnotationLocation
4.8.5.3 Method and constructor annotations,"The rules for annotations on method and constructor declarations are the same as the previous section. Example:
@Deprecated
@Override
public String getNameIfPresent() { ... }
Exception: A single parameterless annotation may instead appear together with the first line of the signature, for example:
@Override public int hashCode() { ... }","{'modulename': 'AnnotationLocation', 'allowSamelineMultipleAnnotations': 'OurSetDefault', 'allowSamelineParameterizedAnnotation': 'OurSetDefault', 'allowSamelineSingleParameterlessAnnotation': 'true', 'tokens': 'METHOD_DEF,CTOR_DEF'}",Yes,"{'modulename': 'AnnotationLocation', 'id': 'annotation_location', 'allowSamelineSingleParameterless': 'true'}
{'modulename': 'MissingDeprecated', 'id': 'missing_deprecated'}",true,AnnotationLocation,MissingDeprecated,,,"AnnotationLocation
MissingDeprecated",AnnotationLocation,,"AnnotationLocation
MissingDeprecated",AnnotationLocation
4.8.5.4 Field annotations,"Annotations applying to a field also appear immediately after the documentation block, but in this case, multiple annotations (possibly parameterized) may be listed on the same line; for example:
@Partial @Mock DataLoader loader;","{'modulename': 'AnnotationLocation', 'allowSamelineMultipleAnnotations': 'true', 'allowSamelineParameterizedAnnotation': 'OurSetDefault', 'allowSamelineSingleParameterlessAnnotation': 'OurSetDefault', 'tokens': 'VARIABLE_DEF'}",Yes,"{'modulename': 'AnnotationLocation', 'id': 'AnnotationLocation', 'allowSamelineMultipleAnnotations': 'true'}
{'modulename': 'InvalidJavadocPosition', 'id': 'InvalidJavadocPosition'}",true,AnnotationLocation,InvalidJavadocPosition,,AnnotationLocation,InvalidJavadocPosition,,,"AnnotationLocation
InvalidJavadocPosition",AnnotationLocation
4.8.5.5 Parameter and local variable annotations,"There are no specific rules for formatting annotations on parameters or local variables (except, of course, when the annotation is a type-use annotation).",,No,,,,,,,,,,,
3.4.2.1 Overloads: never split,Methods of a class that share the same name appear in a single contiguous group with no other members in between. The same applies to multiple constructors (which always have the same name). This rule applies even when modifiers such as static or private differ between the methods.,"{'modulename': 'OverloadMethodsDeclarationOrder', 'id': 'OverloadMethodsDeclarationOrder'}",Yes,"{'modulename': 'OverloadMethodsDeclarationOrder', 'id': 'overloadMethodsDeclarationOrder'}",true,OverloadMethodsDeclarationOrder,,,OverloadMethodsDeclarationOrder,,,OverloadMethodsDeclarationOrder,,
4.8.2.1 One variable per declaration,"Every variable declaration (field or local) declares only one variable: declarations such as int a, b; are not used.
Exception: Multiple variable declarations are acceptable in the header of a for loop.",{'modulename': 'MultipleVariableDeclarations'},Yes,"{'modulename': 'MultipleVariableDeclarations'}
{'modulename': 'OneStatementPerLine'}",true,MultipleVariableDeclarations,OneStatementPerLine,,MultipleVariableDeclarations,OneStatementPerLine,,MultipleVariableDeclarations,OneStatementPerLine,
4.8.2.2 Declared when needed,"Local variables are not habitually declared at the start of their containing block or block-like construct. Instead, local variables are declared close to the point they are first used (within reason), to minimize their scope. Local variable declarations typically have initializers, or are initialized immediately after declaration.","{'modulename': 'VariableDeclarationUsageDistance', 'allowedDistance': 'OurSetDefault'}",Yes,"{'modulename': 'UnusedLocalVariable'}
{'modulename': 'MultipleVariableDeclarations'}
{'modulename': 'VariableDeclarationUsageDistance'}",true,VariableDeclarationUsageDistance,"UnusedLocalVariable
MultipleVariableDeclarations",,VariableDeclarationUsageDistance,"UnusedLocalVariable
MultipleVariableDeclarations",,VariableDeclarationUsageDistance,"UnusedLocalVariable
MultipleVariableDeclarations",
"4.8.3.1 Array initializers: can be ""block-like""","Any array initializer may optionally be formatted as if it were a ""block-like construct."" For example, the following are all valid (not an exhaustive list):
new int[] {           new int[] {
  0, 1, 2, 3            0,
}                       1,
                        2,
new int[] {             3,
  0, 1,               }
  2, 3
}                     new int[]
                          {0, 1, 2, 3}",,Yes,"{'modulename': 'ArrayTrailingComma', 'id': 'ArrayTrailingComma'}
{'modulename': 'NoArrayTrailingComma', 'id': 'NoArrayTrailingComma'}",true,,"ArrayTrailingComma
NoArrayTrailingComma",,,"ArrayTrailingComma
NoArrayTrailingComma",,,"ArrayTrailingComma
NoArrayTrailingComma",
4.8.3.2 No C-style array declarations,"The square brackets form a part of the type, not the variable: String[] args, not String args[].","{'modulename': 'ArrayTypeStyle', 'id': 'ArrayTypeStyle1', 'javaStyle': 'true'}",Yes,"{'modulename': 'ArrayTypeStyle', 'javaStyle': 'true'}",true,ArrayTypeStyle,,,ArrayTypeStyle,,,ArrayTypeStyle,,
4.8.4.1 Indentation,"As with any other block, the contents of a switch block are indented +2.
After a switch label, there is a line break, and the indentation level is increased +2, exactly as if a block were being opened. The following switch label returns to the previous indentation level, as if a block had been closed.","{'modulename': 'Indentation', 'caseIndent': '2'}",Yes,"{'modulename': 'Indentation', 'basicOffset': '2', 'caseIndent': '2', 'lineWrappingIndentation': '4', 'braceAdjustment': '2', 'throwsIndent': '4', 'arrayInitIndent': '4', 'blockIndent': '2', 'methodParamIndent': '4', 'methodCallIndent': '4', 'arrayInitWrapIndent': '4'}
{'modulename': 'AvoidNestedBlocks', 'allowInSwitchCase': 'true'}
{'modulename': 'CommentsIndentation'}
{'modulename': 'EmptyBlock'}
{'modulename': 'NoWhitespaceBeforeCaseDefaultColon'}
{'modulename': 'RightCurly'}
{'modulename': 'LeftCurly'}
{'modulename': 'NeedBraces'}
{'modulename': 'DefaultComesLast'}",true,Indentation,"AvoidNestedBlocks
CommentsIndentation
EmptyBlock
NoWhitespaceBeforeCaseDefaultColon
RightCurly
LeftCurly
NeedBraces
DefaultComesLast",,,"Indentation
AvoidNestedBlocks
CommentsIndentation
EmptyBlock
NoWhitespaceBeforeCaseDefaultColon
RightCurly
LeftCurly
NeedBraces
DefaultComesLast",Indentation,,"Indentation
AvoidNestedBlocks
CommentsIndentation
EmptyBlock
NoWhitespaceBeforeCaseDefaultColon
RightCurly
LeftCurly
NeedBraces
DefaultComesLast",Indentation
4.8.4.2 Fall-through: commented,"Within a switch block, each statement group either terminates abruptly (with a break, continue, return or thrown exception), or is marked with a comment to indicate that execution will or might continue into the next statement group. Any comment that communicates the idea of fall-through is sufficient (typically // fall through). This special comment is not required in the last statement group of the switch block. Example:
switch (input) {
  case 1:
  case 2:
    prepareOneOrTwo();
    // fall through
  case 3:
    handleOneTwoOrThree();
    break;
  default:
    handleLargeNumber(input);
}
Notice that no comment is needed after case 1:, only at the end of the statement group.","{'modulename': 'FallThrough', 'checkLastCaseGroup': 'false', 'reliefPattern': 'OurSetDefault'}",Yes,"{'modulename': 'FallThrough', 'id': 'fallthrough', 'commentFormat': 'fallthru|fall thru|fall-thru|fallthrough|fall through|fall-through|fallsthrough|falls through|falls-through'}",true,FallThrough,,,,FallThrough,FallThrough,FallThrough,,
4.8.4.3 Presence of the default label,"Each switch statement includes a default statement group, even if it contains no code.
Exception: A switch statement for an enum type may omit the default statement group, if it includes explicit cases covering all possible values of that type. This enables IDEs or other static analysis tools to issue a warning if any cases were missed.","{'modulename': 'MissingSwitchDefault', 'id': 'missing_switch_default'}",Yes,"{'modulename': 'MissingSwitchDefault', 'id': 'missingSwitchDefault'}
{'modulename': 'DefaultComesLast', 'id': 'defaultComesLast'}
{'modulename': 'EmptyBlock', 'id': 'emptyBlock'}
{'modulename': 'NoWhitespaceBeforeCaseDefaultColon', 'id': 'noWhitespaceBeforeCaseDefaultColon'}
{'modulename': 'FallThrough', 'id': 'fallThrough'}",true,MissingSwitchDefault,"DefaultComesLast
EmptyBlock
NoWhitespaceBeforeCaseDefaultColon
FallThrough",,MissingSwitchDefault,"DefaultComesLast
EmptyBlock
NoWhitespaceBeforeCaseDefaultColon
FallThrough",,MissingSwitchDefault,"DefaultComesLast
EmptyBlock
NoWhitespaceBeforeCaseDefaultColon
FallThrough",
