rule,status,benchmark,dsl,prompt,config
2.2 File encoding: UTF-8,No,,Mandatory: [Source files] are [encoded] in [UTF-8],"For each rule in the following RuleSet of Google Java Style Guide, it gives analysis for whether there is corresponding configuration of Checkstyle. Extract and generate final configuration. If there are multiple same RuleName of final configuration, if configurations do not conflict, you should merge them into one. 

RuleSet of Google Java Style Guide:
Mandatory: [Source files] are [encoded] in [UTF-8]

Checkstyle:
Mapping of RuleSet of Google Java Style Guide to Checkstyle:
Mandatory: [Source files] are [encoded] in [UTF-8] : None
Mandatory: Order of [PackageDeclaration] is [PackageDeclaration] : [""PackageDeclaration""]
Optional: [PackageDeclaration] have [PackageDeclaration] : [""PackageDeclaration""]
Mandatory: Order of [class members] is [VisibilityModifier] : [""VisibilityModifier""]
Mandatory: Order of [arrayInitIndent, basicOffset, braceAdjustment, caseIndent, forceStrictCondition, lineWrappingIndentation, throwsIndent] is [int, int, int, int, boolean, int, int] : [""Indentation""]
Mandatory: [source file] not contain [public class, interface, enum or annotation] -> [top-level type] is [first type in file] : [""OneTopLevelClass""]
Mandatory: Order of [import groups] is [customImportOrderRules] : [""MissingDeprecated""]
Mandatory: customImportOrderRules not have [an import group] -> [the import group] at end of [import groups] : [""MissingDeprecated""]
Mandatory: Order of [tokens] is [ENUM_CONSTANT_DEF] : [""JavadocVariable""]
Mandatory: Order of [enum constants] should not have [comma] at the end of [enum definition] : [""NoEnumTrailingComma""]
Mandatory: Order of [Properties] is [UniqueProperties] : [""UniqueProperties""]
Mandatory: [UniqueProperties] not have [a property] -> [the property] at end of [Properties] : [""UniqueProperties""]
Mandatory: Order of [block tags] is [indentation] : [""JavadocTagContinuationIndentation""]
Mandatory: Order of [LambdaParameterName] is [format] : [""LambdaParameterName""]
Mandatory: Order of [finalize() method] is [super.finalize()] : [""SuperFinalize""]
Mandatory: Order of [empty for iterator] is [PadOption] : [""EmptyForIteratorPad""]
Mandatory: Number of [statement] of [line] is 1 : [""OneStatementPerLine""]
Mandatory: Order of [interface type parameter names] is [Pattern] : [""InterfaceTypeParameterName""]
Mandatory: Order of [tokens] is [METHOD_DEF] And Mandatory: Order of [tokens] is [CTOR_DEF] And Mandatory: Order of [tokens] is [ANNOTATION_FIELD_DEF] And Mandatory: Order of [tokens] is [COMPACT_CTOR_DEF] : [""MissingJavadocMethod""]
- Mandatory: Order of [source lines] is [non-commenting source statements] : [""JavaNCSS""]
- Mandatory: [source lines] should not have [comments] -> [non-commenting source statements] : [""JavaNCSS""]
Mandatory: Order of [EXPR] is [IDENT] : [""UnnecessaryParentheses""]
Mandatory: Order of [EXPR] is not [NUM_DOUBLE] : [""UnnecessaryParentheses""]
Mandatory: Order of [case] is [Java code] not have [break, return, yield, throw, continue] -> [case] have [break, return, yield, throw, continue] : [""FallThrough""]
- Mandatory: Order of Javadoc comments is type definitions : [""JavadocType""]
- Optional: Javadoc comments should have version tag at the end if author tag is not present : [""JavadocType""]
- Optional: Javadoc comments should not have type definitions that do not have any Javadoc comments : [""JavadocType""]
Mandatory: Order of [import groups] is {{customImportOrderRules}} : [""NPathComplexity""]
Mandatory: {{customImportOrderRules}} should not have an import group at the end of import groups : [""NPathComplexity""]
Mandatory: Order of [lines] not have [TrailingComment] : [""TrailingComment""]
Mandatory: Order of [package annotations] is [in the package-info.java file] : [""PackageAnnotation""]
Mandatory: Order of [boolean operators] is [<=] {{max}} : [""BooleanExpressionComplexity""]
Mandatory: Order of [boolean operators] is [<=] {{max}} : [""BooleanExpressionComplexity""]
Mandatory: Order of [boolean operators] is [<=] {{max}} : [""BooleanExpressionComplexity""]
Mandatory: Order of [boolean operators] is [<=] {{max}} : [""BooleanExpressionComplexity""]
Mandatory: Order of [boolean operators] is [<=] {{max}} : [""BooleanExpressionComplexity""]
Mandatory: Order of [boolean operators] is [<=] {{max}} : [""BooleanExpressionComplexity""]
Mandatory: Order of [boolean operators] is [<=] {{max}} : [""BooleanExpressionComplexity""]
Mandatory: Order of [boolean operators] is [<=] {{max}} : [""BooleanExpressionComplexity""]
Mandatory: Order of [boolean operators] is [<=] {{max}} : [""BooleanExpressionComplexity""]
Mandatory: Order of [boolean operators] is [<=] {{max}} : [""BooleanExpressionComplexity""]
Mandatory: Order of [boolean operators] is [<=] {{max}} : [""BooleanExpressionComplexity""]
Mandatory: Order of [boolean operators] is [<=] {{max}} : [""BooleanExpressionComplexity""]
Mandatory: Order of [boolean operators] is [<=] {{max}} : [""BooleanExpressionComplexity""]
Mandatory: Order of [boolean operators] is [<=] {{max}} : [""BooleanExpressionComplexity""]
Mandatory: Order of [boolean operators] is [<=] {{max}} : [""BooleanExpressionComplexity""]
Mandatory: Order of [boolean operators] is [<=] {{max}} : [""BooleanExpressionComplexity""]
Mandatory: Order of [boolean operators] is [<=] {{max}} : [""BooleanExpressionComplexity""]
Mandatory: Order of [boolean operators] is [<=] {{max}} : [""BooleanExpressionComplexity""]
Mandatory: Order of [boolean operators] is [<=] {{max}} : [""BooleanExpressionComplexity""]
Mandatory: Order of [boolean operators] is [<=] {{max}} : [""BooleanExpressionComplexity""]
Mandatory: Order of [boolean operators] is [<=] {{max}} : [""BooleanExpressionComplexity""]
Mandatory: Order of [boolean operators] is [<=] {{max}} : [""BooleanExpressionComplexity""]
Mandatory: Order of [boolean operators] is [<=] {{max}} : [""BooleanExpressionComplexity""]
Mandatory: Order of [boolean operators] is [<=] {{max}} : [""BooleanExpressionComplexity""]
Mandatory: Order of [boolean operators] is [<=] {{max}} : [""BooleanExpressionComplexity""]
Mandatory: Order of [boolean operators] is [<=] {{max}} : [""BooleanExpressionComplexity""]
Mandatory: Order of [boolean operators] is [<=] {{max}} : [""BooleanExpressionComplexity""]
Mandatory: Order of [boolean operators] is [<=] {{max}} : [""BooleanExpressionComplexity""]
Mandatory: Order of [boolean operators] is [<=] {{max}} : [""BooleanExpressionComplexity""]
Mandatory: Order of [boolean operators] is [<=] {{max}} : [""BooleanExpressionComplexity""]
Mandatory: Order of [boolean operators] is [<=] {{max}} : [""BooleanExpressionComplexity""]
Mandatory: Order of [boolean operators] is [<=] {{max}} : [""BooleanExpressionComplexity""]
Mandatory: Order of [boolean operators] is [<=] {{max}} : [""BooleanExpressionComplexity""]
Mandatory: Order of [boolean operators] is [<=] {{max}} : [""BooleanExpressionComplexity""]
Mandatory: Order of [boolean operators] is [<=] {{max}} : [""BooleanExpressionComplexity""]
Mandatory: Order of [boolean operators] is [<=] {{max}} : [""BooleanExpressionComplexity""]
Mandatory: Order of [boolean operators] is [<=] {{max}} : [""BooleanExpressionComplexity""]
Mandatory: Order of [boolean operators] is [<=] {{max}} : [""BooleanExpressionComplexity""]
Mandatory: Order of [boolean operators] is [<=] {{max}} : [""BooleanExpressionComplexity""]
Mandatory: Order of [boolean operators] is [<=] {{max}} : [""BooleanExpressionComplexity""]
Mandatory: Order of [boolean operators] is [<=] {{max}} : [""BooleanExpressionComplexity""]
Mandatory: Order of [boolean operators] is [<=] {{max}} : [""BooleanExpressionComplexity""]
Mandatory: Order of [boolean operators] is [<=] {{max}} : [""BooleanExpressionComplexity""]
Mandatory: Order of [boolean operators] is [<=] {{max}} : [""BooleanExpressionComplexity""]
Mandatory: Order of [boolean operators] is [<=] {{max}} : [""BooleanExpressionComplexity""]
Mandatory: Order of [boolean operators] is [<=] {{max}} : [""BooleanExpressionComplexity""]
Mandatory: Order of [boolean operators] is [<=] {{max}} : [""BooleanExpressionComplexity""]
Mandatory: Order of [boolean operators] is [<=] {{max}} : [""BooleanExpressionComplexity""]
Mandatory: Order of [boolean operators] is [<=] {{max}} : [""BooleanExpressionComplexity""]
Mandatory: Order of [boolean operators] is [<=] {{max}} : [""BooleanExpressionComplexity""]
Mandatory: Order of [boolean operators] is [<=] {{max}} : [""BooleanExpressionComplexity""]
Mandatory: Order of [boolean operators] is [<=] {{max}} : [""BooleanExpressionComplexity""]
Mandatory: Order of [boolean operators] is [<=] {{max}} : [""BooleanExpressionComplexity""]
Mandatory: Order of [boolean operators] is [<=] {{max}} : [""BooleanExpressionComplexity""]
Mandatory: Order of [boolean operators] is [<=] {{max}} : [""BooleanExpressionComplexity""]
Mandatory: Order of [boolean operators] is [<=] {{max}} : [""BooleanExpressionComplexity""]
Mandatory: Order of [boolean operators] is [<=] {{max}} : [""BooleanExpressionComplexity""]
Mandatory: Order of [boolean operators] is [<=] {{max}} : [""BooleanExpressionComplexity""]
Mandatory: Order of [boolean operators] is [<=] {{max}} : [""BooleanExpressionComplexity""]
Mandatory: Order of [boolean operators] is [<=] {{max}} : [""BooleanExpressionComplexity""]
Mandatory: Order of [boolean operators] is [<=] {{max}} : [""BooleanExpressionComplexity""]
Mandatory: Order of [boolean operators] is [<=] {{max}} : [""BooleanExpressionComplexity""]
Mandatory: Order of [boolean operators] is [<=] {{max}} : [""BooleanExpressionComplexity""]
Mandatory: Order of [boolean operators] is [<=] {{max}} : [""BooleanExpressionComplexity""]
Mandatory: Order of [boolean operators] is [<=] {{max}} : [""BooleanExpressionComplexity""]
Mandatory: Order of [boolean operators] is [<=] {{max}} : [""BooleanExpressionComplexity""]
Mandatory: Order of [boolean operators] is [<=] {{max}} : [""BooleanExpressionComplexity""]
Mandatory: Order of [boolean operators] is [<=] {{max}} : [""BooleanExpressionComplexity""]
Mandatory: Order of [boolean operators] is [<=] {{max}} : [""BooleanExpressionComplexity""]
Mandatory: Order of [boolean operators] is [<=] {{max}} : [""BooleanExpressionComplexity""]
Mandatory: Order of [boolean operators] is [<=] {{max}} : [""BooleanExpressionComplexity""]
Mandatory: Order of [boolean operators] is [<=] {{max}} : [""BooleanExpressionComplexity""]
Mandatory: Order of [boolean operators] is [<=] {{max}} : [""BooleanExpressionComplexity""]
Mandatory: Order of [boolean operators] is [<=] {{max}} : [""BooleanExpressionComplexity""]
Mandatory: Order of [boolean operators] is [<=] {{max}} : [""BooleanExpressionComplexity""]
Mandatory: Order of [boolean operators] is [<=] {{max}} : [""BooleanExpressionComplexity""]
Mandatory: Order of [boolean operators] is [<=] {{max}} : [""BooleanExpressionComplexity""]
Mandatory: Order of [boolean operators] is [<=] {{max}} : [""BooleanExpressionComplexity""]
Mandatory: Order of [boolean operators] is [<=] {{max}} : [""BooleanExpressionComplexity""]
Mandatory: Order of [boolean operators] is [<=] {{max}} : [""BooleanExpressionComplexity""]
Mandatory: Order of [boolean operators] is [<=] {{max}} : [""BooleanExpressionComplexity""]
Mandatory: Order of [boolean operators] is [<=] {{max}} : [""BooleanExpressionComplexity""]
Mandatory: Order of [boolean operators] is [<=] {{max}} : [""BooleanExpressionComplexity""]
Mandatory: Order of [boolean operators] is [<=] {{max}} : [""BooleanExpressionComplexity""]
Mandatory: Order of [boolean operators] is [<=] {{max}} : [""BooleanExpressionComplexity""]
Mandatory: Order of [boolean operators] is [<=] {{max}} : [""BooleanExpressionComplexity""]
Mandatory: Order of [boolean operators] is [<=] {{max}} : [""BooleanExpressionComplexity""]
Mandatory: Order of [boolean operators] is [<=] {{max}} : [""BooleanExpressionComplexity""]
Mandatory: Order of [boolean operators] is [<=] {{max}} : [""BooleanExpressionComplexity""]
Mandatory: Order of [boolean operators] is [<=] {{max}} : [""BooleanExpressionComplexity""]
Mandatory: Order of [boolean operators] is [<=] {{max}} : [""BooleanExpressionComplexity""]
Mandatory: Order of [boolean operators] is [<=] {{max}} : [""BooleanExpressionComplexity""]
Mandatory: Order of [boolean operators] is [<=] {{max}} : [""BooleanExpressionComplexity""]
Mandatory: Order of [boolean operators] is [<=] {{max}} : [""BooleanExpressionComplexity""]
Mandatory: Order of [boolean operators] is [<=] {{max}} : [""BooleanExpressionComplexity""]
Mandatory: Order of [boolean operators] is [<=] {{max}} : [""BooleanExpressionComplexity""]
Mandatory: Order of [boolean operators] is [<=] {{max}} : [""BooleanExpressionComplexity""]
Mandatory: Order of [boolean operators] is [<=] {{max}} : [""BooleanExpressionComplexity""]
Mandatory: Order of [boolean operators] is [<=] {{max}} : [""BooleanExpressionComplexity""]
Mandatory: Order of [boolean operators] is [<=] {{max}} : [""BooleanExpressionComplexity""]
Mandatory: Order of [boolean operators] is [<=] {{max}} : [""BooleanExpressionComplexity""]
Mandatory: Order of [boolean operators] is [<=] {{max}} : [""BooleanExpressionComplexity""]
Mandatory: Order of [boolean operators] is [<=] {{max}} : [""BooleanExpressionComplexity""]
Mandatory: Order of [boolean operators] is [<=] {{max}} : [""BooleanExpressionComplexity""]
Mandatory: Order of [boolean operators] is [<=] {{max}} : [""BooleanExpressionComplexity""]
Mandatory: Order of [boolean operators] is [<=] {{max}} : [""BooleanExpressionComplexity""]
Mandatory: Order of [boolean operators] is [<=] {{max}} : [""BooleanExpressionComplexity""]
Mandatory: Order of [boolean operators] is [<=] {{max}} : [""BooleanExpressionComplexity""]
Mandatory: Order of [boolean operators] is [<=] {{max}} : [""BooleanExpressionComplexity""]
Mandatory: Order of [boolean operators] is [<=] {{max}} : [""BooleanExpressionComplexity""]
Mandatory: Order of [boolean operators] is [<=] {{max}} : [""BooleanExpressionComplexity""]
Mandatory: Order of [boolean operators] is [<=] {{max}} : [""BooleanExpressionComplexity""]
Mandatory: Order of [boolean operators] is [<=] {{max}} : [""BooleanExpressionComplexity""]
Mandatory: Order of [boolean operators] is [<=] {{max}} : [""BooleanExpressionComplexity""]
Mandatory: Order of [boolean operators] is [<=] {{max}} : [""BooleanExpressionComplexity""]
Mandatory: Order of [boolean operators] is [<=] {{max}} : [""BooleanExpressionComplexity""]
Mandatory: Order of [boolean operators] is [<=] {{max}} : [""BooleanExpressionComplexity""]
Mandatory: Order of [boolean operators] is [<=] {{max}} : [""BooleanExpressionComplexity""]
Mandatory: Order of [boolean operators] is [<=] {{max}} : [""BooleanExpressionComplexity""]
Mandatory: Order of [boolean operators] is [<=] {{max}} : [""BooleanExpressionComplexity""]
Mandatory: Order of [boolean operators] is [<=] {{max}} : [""BooleanExpressionComplexity""]
Mandatory: Order of [boolean operators] is [<=] {{max}} : [""BooleanExpressionComplexity""]
Mandatory: Order of [boolean operators] is [<=] {{max}} : [""BooleanExpressionComplexity""]
Mandatory: Order of [boolean operators] is [<=] {{max}} : [""BooleanExpressionComplexity""]
Mandatory: Order of [boolean operators] is [<=] {{max}} : [""BooleanExpressionComplexity""]
Mandatory: Order of [boolean operators] is [<=] {{max}} : [""BooleanExpressionComplexity""]
Mandatory: Order of [boolean operators] is [<=] {{max}} : [""BooleanExpressionComplexity""]
Mandatory: Order of [boolean operators] is [<=] {{max}} : [""BooleanExpressionComplexity""]
Mandatory: Order of [boolean operators] is [<=] {{max}} : [""BooleanExpressionComplexity""]
Mandatory: Order of [boolean operators] is [<=] {{max}} : [""BooleanExpressionComplexity""]
Mandatory: Order of [boolean operators] is [<=] {{max}} : [""BooleanExpressionComplexity""]
Mandatory: Order of [boolean operators] is [<=] {{max}} : [""BooleanExpressionComplexity""]
Mandatory: Order of [boolean operators] is [<=] {{max}} : [""BooleanExpressionComplexity""]
Mandatory: Order of [boolean operators] is [<=] {{max}} : [""BooleanExpressionComplexity""]
Mandatory: Order of [boolean operators] is [<=] {{max}} : [""BooleanExpressionComplexity""]
Mandatory: Order of [boolean operators] is [<=] {{max}} : [""BooleanExpressionComplexity""]
Mandatory: Order of [boolean operators] is [<=] {{max}} : [""BooleanExpressionComplexity""]
Mandatory: Order of [boolean operators] is [<=] {{max}} : [""BooleanExpressionComplexity""]
Mandatory: Order of [boolean operators] is [<=] {{max}} : [""BooleanExpressionComplexity""]
Mandatory: Order of [boolean operators] is [<=] {{max}} : [""BooleanExpressionComplexity""]
Mandatory: Order of [boolean operators] is [<=] {{max}} : [""BooleanExpressionComplexity""]
Mandatory: Order of [boolean operators] is [<=] {{max}} : [""BooleanExpressionComplexity""]
Mandatory:

Response Format: Response Format: Only give results, do not explain.
If configuration is null, give None. Otherwise, give final configuration. The configuration format should be xml format: 
<module name='RuleName1'>
<property name='id' value='id_value1'/># an identifier for the configuration
<property name='OptionName1' value='value1'/>  
... 
<property name='OptionName1' value='value2'/>""
</module>

<module name='RuleName2'>
<property name='id' value='id_value1'/># an identifier for the configuration
<property name='OptionName1' value='value1'/>
  ...
<property name='OptionName2' value='value2'/>
</module>


",None
